img_src,mix_link
https://images.squarespace-cdn.com/content/v1/5b68a4e4a2772c2a206180a1/1542734572556-M4WBJYYNCV70V4UOZM32/blue2.png?format=2500w,1542734572556-M4WBJYYNCV70V4UOZM32_blue2.png?format=2500w
https://images.squarespace-cdn.com/content/v1/5b68a4e4a2772c2a206180a1/1541776984126-ANPI3833FCMC48K2CBSC/blue2.png?format=2500w,1541776984126-ANPI3833FCMC48K2CBSC_blue2.png?format=2500w
https://images.squarespace-cdn.com/content/v1/5b68a4e4a2772c2a206180a1/1542039535049-SIXKKQ8YOT4HPJVNO8E4/covers.jpg?format=300w,1542039535049-SIXKKQ8YOT4HPJVNO8E4_covers.jpg?format=300w
https://images.squarespace-cdn.com/content/v1/5b68a4e4a2772c2a206180a1/1542039807622-6AG6NBETF5H0JR4Q7QR9/DCS.jpg?format=300w,1542039807622-6AG6NBETF5H0JR4Q7QR9_DCS.jpg?format=300w
https://images.squarespace-cdn.com/content/v1/5b68a4e4a2772c2a206180a1/1542038523717-HAAHZO67OJJWZAM3V2S7/conflict%2Bcomplexity.jpg?format=300w,1542038523717-HAAHZO67OJJWZAM3V2S7_conflict%2Bcomplexity.jpg?format=300w
https://images.squarespace-cdn.com/content/v1/5b68a4e4a2772c2a206180a1/1542051335203-UM5EL6IPL055YU6SPDK8/CES.jpeg?format=300w,1542051335203-UM5EL6IPL055YU6SPDK8_CES.jpeg?format=300w
https://images.squarespace-cdn.com/content/v1/5b68a4e4a2772c2a206180a1/1542038796723-JF72O3SPIPQVXA1D8DKH/food_book.jpg?format=500w,1542038796723-JF72O3SPIPQVXA1D8DKH_food_book.jpg?format=500w
https://images.squarespace-cdn.com/content/v1/5b68a4e4a2772c2a206180a1/1542043803004-4OGLUDKUFNL6APUS5WKN/iccsvol9.jpeg?format=300w,1542043803004-4OGLUDKUFNL6APUS5WKN_iccsvol9.jpeg?format=300w
https://images.squarespace-cdn.com/content/v1/5b68a4e4a2772c2a206180a1/1542045017193-PO9OXPKSH2NC0WSA8Q7W/iccsvol8.png?format=300w,1542045017193-PO9OXPKSH2NC0WSA8Q7W_iccsvol8.png?format=300w
https://images.squarespace-cdn.com/content/v1/5b68a4e4a2772c2a206180a1/1542051115763-IJG25KU85URXE2DINQN6/iccsvol7.jpg?format=300w,1542051115763-IJG25KU85URXE2DINQN6_iccsvol7.jpg?format=300w
https://images.squarespace-cdn.com/content/v1/5b68a4e4a2772c2a206180a1/1542051768878-VZCRHA8PJ1T6PYFDELKC/iccsvol6.jpeg?format=300w,1542051768878-VZCRHA8PJ1T6PYFDELKC_iccsvol6.jpeg?format=300w
https://images.squarespace-cdn.com/content/v1/5b68a4e4a2772c2a206180a1/1542051906656-RULMXKBD81SKMI9WST2D/iccsvol5.jpeg?format=300w,1542051906656-RULMXKBD81SKMI9WST2D_iccsvol5.jpeg?format=300w
https://images.squarespace-cdn.com/content/v1/5b68a4e4a2772c2a206180a1/1542051989059-AGHK9SOJ6NO17UY2EXVP/iccsvol4.jpeg?format=300w,1542051989059-AGHK9SOJ6NO17UY2EXVP_iccsvol4.jpeg?format=300w
https://images.squarespace-cdn.com/content/v1/5b68a4e4a2772c2a206180a1/1542054225083-PO4800I7GKCM4OKONMWZ/iccsvol3b.jpeg?format=300w,1542054225083-PO4800I7GKCM4OKONMWZ_iccsvol3b.jpeg?format=300w
https://images.squarespace-cdn.com/content/v1/5b68a4e4a2772c2a206180a1/1542054328914-C7JLDA6XCBO7UMPS8744/iccsvol3a.jpeg?format=300w,1542054328914-C7JLDA6XCBO7UMPS8744_iccsvol3a.jpeg?format=300w
https://images.squarespace-cdn.com/content/v1/5b68a4e4a2772c2a206180a1/1542054938449-WR9WAHUBDWHRTZF4GQK7/iccsvol2.jpg?format=300w,1542054938449-WR9WAHUBDWHRTZF4GQK7_iccsvol2.jpg?format=300w
https://images.squarespace-cdn.com/content/v1/5b68a4e4a2772c2a206180a1/1542055153612-ZJ1CCPMUM68NPZEYI57Y/iccsvol1.jpg?format=300w,1542055153612-ZJ1CCPMUM68NPZEYI57Y_iccsvol1.jpg?format=300w
https://images.squarespace-cdn.com/content/v1/5b68a4e4a2772c2a206180a1/1542055984334-JMU0KB4WLVGA6HDNV7Q1/virtual-worlds.jpg?format=300w,1542055984334-JMU0KB4WLVGA6HDNV7Q1_virtual-worlds.jpg?format=300w
https://images.squarespace-cdn.com/content/v1/5b68a4e4a2772c2a206180a1/1694097988343-OFRD3XR6K4ETNW9X8RA5/41QWDEecT4L.jpg?format=300w,1694097988343-OFRD3XR6K4ETNW9X8RA5_41QWDEecT4L.jpg?format=300w
https://images.squarespace-cdn.com/content/v1/5b68a4e4a2772c2a206180a1/1542055403195-MIQUFXB3F39NX9MGGD67/business-dynamics.jpg?format=300w,1542055403195-MIQUFXB3F39NX9MGGD67_business-dynamics.jpg?format=300w
https://images.squarespace-cdn.com/content/v1/5b68a4e4a2772c2a206180a1/1542055261150-IEG1FBBT9C99X2GZCMZ3/modelling.jpg?format=300w,1542055261150-IEG1FBBT9C99X2GZCMZ3_modelling.jpg?format=300w
https://images.squarespace-cdn.com/content/v1/5b68a4e4a2772c2a206180a1/1542055495547-BSB0ANXQDHXTBAZPJH3R/symbolic-species.jpg?format=300w,1542055495547-BSB0ANXQDHXTBAZPJH3R_symbolic-species.jpg?format=300w
https://images.squarespace-cdn.com/content/v1/5b68a4e4a2772c2a206180a1/1544031735314-WWGKWU976BOIS52S7NTZ/blue3.png,1544031735314-WWGKWU976BOIS52S7NTZ_blue3.png
https://images.squarespace-cdn.com/content/v1/5b68a4e4a2772c2a206180a1/1544031777832-4H0RDVTS57MU9XIIS49E/image-asset.jpeg,1544031777832-4H0RDVTS57MU9XIIS49E_image-asset.jpeg
https://images.squarespace-cdn.com/content/v1/5b68a4e4a2772c2a206180a1/1546027151508-RG8M5W6ZVQTND14CYYBZ/blue2.png?format=2500w,1546027151508-RG8M5W6ZVQTND14CYYBZ_blue2.png?format=2500w
https://images.squarespace-cdn.com/content/v1/5b68a4e4a2772c2a206180a1/1546027210579-STP8HTEG5IBSS7VYEOHF/cheetah.jpg,1546027210579-STP8HTEG5IBSS7VYEOHF_cheetah.jpg
https://images.squarespace-cdn.com/content/v1/5b68a4e4a2772c2a206180a1/1546027237678-D7FIK9ZCBGBH3PF7VQSW/image-asset.jpeg,1546027237678-D7FIK9ZCBGBH3PF7VQSW_image-asset.jpeg
https://images.squarespace-cdn.com/content/v1/5b68a4e4a2772c2a206180a1/1546027253616-HVO642XPM0MDE5QGKDS6/image-asset.jpeg,1546027253616-HVO642XPM0MDE5QGKDS6_image-asset.jpeg
https://images.squarespace-cdn.com/content/v1/5b68a4e4a2772c2a206180a1/1542302118151-I5KUSRYZZ23LYN4K789J/technology-3243375.jpg?format=2500w,1542302118151-I5KUSRYZZ23LYN4K789J_technology-3243375.jpg?format=2500w
https://images.squarespace-cdn.com/content/v1/5b68a4e4a2772c2a206180a1/1542389094183-I6HWJSAAW4ZJ9R7M3IUK/cs_char.gif,1542389094183-I6HWJSAAW4ZJ9R7M3IUK_cs_char.gif
https://images.squarespace-cdn.com/content/v1/5b68a4e4a2772c2a206180a1/1542389129349-AWSL770HGC5A5I8D063Y/sysrep.gif,1542389129349-AWSL770HGC5A5I8D063Y_sysrep.gif
https://images.squarespace-cdn.com/content/v1/5b68a4e4a2772c2a206180a1/1542389172240-N3TSCM1VNVLX8P8FYWA7/state_sp.gif,1542389172240-N3TSCM1VNVLX8P8FYWA7_state_sp.gif
https://images.squarespace-cdn.com/content/v1/5b68a4e4a2772c2a206180a1/1542389195042-440HYTU5DZNBGLE7WEOH/syshier.gif,1542389195042-440HYTU5DZNBGLE7WEOH_syshier.gif
https://images.squarespace-cdn.com/content/v1/5b68a4e4a2772c2a206180a1/1542389214148-1T3G8LHBVRT5B3V0QEX2/casmodel.gif,1542389214148-1T3G8LHBVRT5B3V0QEX2_casmodel.gif
https://images.squarespace-cdn.com/content/v1/5b68a4e4a2772c2a206180a1/1542389232304-RUFZ7C3KNTNH4OZHT3E9/evomodel.gif,1542389232304-RUFZ7C3KNTNH4OZHT3E9_evomodel.gif
https://images.squarespace-cdn.com/content/v1/5b68a4e4a2772c2a206180a1/1580746560280-HR7UN1PN650D5W9TG5X0/blue2.png?format=2500w,1580746560280-HR7UN1PN650D5W9TG5X0_blue2.png?format=2500w
https://images.squarespace-cdn.com/content/v1/5b68a4e4a2772c2a206180a1/1543852485621-1Y9CKOQFGZWNRIP32HY5/image-asset.png,1543852485621-1Y9CKOQFGZWNRIP32HY5_image-asset.png
https://images.squarespace-cdn.com/content/v1/5b68a4e4a2772c2a206180a1/1543852530447-ZTUNN4VY042MCDKUOCN8/blue3.png,1543852530447-ZTUNN4VY042MCDKUOCN8_blue3.png
https://images.squarespace-cdn.com/content/v1/5b68a4e4a2772c2a206180a1/1543852807247-7VOLZBBNT2C2IR0JBG5G/science.png,1543852807247-7VOLZBBNT2C2IR0JBG5G_science.png
https://images.squarespace-cdn.com/content/v1/5b68a4e4a2772c2a206180a1/1543852841989-XRRU8ZJYKSGBNUEBBZUS/atlanticcities.png,1543852841989-XRRU8ZJYKSGBNUEBBZUS_atlanticcities.png
https://images.squarespace-cdn.com/content/v1/5b68a4e4a2772c2a206180a1/1543852883627-87YBR2IOOVX1BW1LIM6U/motherboard.png,1543852883627-87YBR2IOOVX1BW1LIM6U_motherboard.png
https://images.squarespace-cdn.com/content/v1/5b68a4e4a2772c2a206180a1/1543852923062-PF6O3ECU5ABZSDKFVCZA/image-asset.png,1543852923062-PF6O3ECU5ABZSDKFVCZA_image-asset.png
https://images.squarespace-cdn.com/content/v1/5b68a4e4a2772c2a206180a1/1543852954103-MRVWUZ2RLF8EDF7L1CZM/image-asset.png,1543852954103-MRVWUZ2RLF8EDF7L1CZM_image-asset.png
https://images.squarespace-cdn.com/content/v1/5b68a4e4a2772c2a206180a1/1543852994316-RF4UISBF3YR1SSWTRP9B/iq.png,1543852994316-RF4UISBF3YR1SSWTRP9B_iq.png
https://images.squarespace-cdn.com/content/v1/5b68a4e4a2772c2a206180a1/1543853035290-OE3NM34AVCPUVS607UUL/repubblica.png,1543853035290-OE3NM34AVCPUVS607UUL_repubblica.png
https://images.squarespace-cdn.com/content/v1/5b68a4e4a2772c2a206180a1/1543853074735-4FCZAPKXO9ARN8VRREHQ/image-asset.png,1543853074735-4FCZAPKXO9ARN8VRREHQ_image-asset.png
https://images.squarespace-cdn.com/content/v1/5b68a4e4a2772c2a206180a1/1543853109911-MI0UFA0992PB6L6LS866/gothamist.png,1543853109911-MI0UFA0992PB6L6LS866_gothamist.png
https://images.squarespace-cdn.com/content/v1/5b68a4e4a2772c2a206180a1/1543853145104-48DB4R704H9ZHVASK6KO/image-asset.png,1543853145104-48DB4R704H9ZHVASK6KO_image-asset.png
https://images.squarespace-cdn.com/content/v1/5b68a4e4a2772c2a206180a1/1543853187965-6ND3NHKNVQ4I30DAIDGU/slashdot.png,1543853187965-6ND3NHKNVQ4I30DAIDGU_slashdot.png
https://images.squarespace-cdn.com/content/v1/5b68a4e4a2772c2a206180a1/1543853223774-TTAVRNNDZ3N2GNK2FKFJ/stuff.png,1543853223774-TTAVRNNDZ3N2GNK2FKFJ_stuff.png
https://images.squarespace-cdn.com/content/v1/5b68a4e4a2772c2a206180a1/1543853270657-RMM29MPZS3T53E1R0LTG/geekosystem.png,1543853270657-RMM29MPZS3T53E1R0LTG_geekosystem.png
https://images.squarespace-cdn.com/content/v1/5b68a4e4a2772c2a206180a1/1543853301008-4A2YS7D06DF5ZSMO58FP/inquisitr.png,1543853301008-4A2YS7D06DF5ZSMO58FP_inquisitr.png
https://images.squarespace-cdn.com/content/v1/5b68a4e4a2772c2a206180a1/1543853351734-YGNUA116120PGH5RP5AF/leaderswest.png,1543853351734-YGNUA116120PGH5RP5AF_leaderswest.png
https://images.squarespace-cdn.com/content/v1/5b68a4e4a2772c2a206180a1/1543853387332-HNDEL1166OXAK57VBMTB/lailook.png,1543853387332-HNDEL1166OXAK57VBMTB_lailook.png
https://images.squarespace-cdn.com/content/v1/5b68a4e4a2772c2a206180a1/1543853427343-YX3I3DSFPGSJX4LN7OOM/image-asset.png,1543853427343-YX3I3DSFPGSJX4LN7OOM_image-asset.png
https://images.squarespace-cdn.com/content/v1/5b68a4e4a2772c2a206180a1/1543853461350-SJSZMBF9GF4T9FC484LA/therealdeal.png,1543853461350-SJSZMBF9GF4T9FC484LA_therealdeal.png
https://images.squarespace-cdn.com/content/v1/5b68a4e4a2772c2a206180a1/1543853494447-RL5BGOOS7N522GRVFX3O/counsel.png,1543853494447-RL5BGOOS7N522GRVFX3O_counsel.png
https://images.squarespace-cdn.com/content/v1/5b68a4e4a2772c2a206180a1/1543853527564-U0AG325KTLSVTKOCZK76/daily_collegian.png,1543853527564-U0AG325KTLSVTKOCZK76_daily_collegian.png
https://images.squarespace-cdn.com/content/v1/5b68a4e4a2772c2a206180a1/1543870798344-1UHS3CRAC7ZJ8E0G1OC5/blue3.png,1543870798344-1UHS3CRAC7ZJ8E0G1OC5_blue3.png
https://images.squarespace-cdn.com/content/v1/5b68a4e4a2772c2a206180a1/1543264108647-DX46JXXMXN2N7HCFX5H4/nscover2.jpg,1543264108647-DX46JXXMXN2N7HCFX5H4_nscover2.jpg
https://images.squarespace-cdn.com/content/v1/5b68a4e4a2772c2a206180a1/1543592753762-CU2UEEZ1Y6ZHIAG890MM/blue3.png,1543592753762-CU2UEEZ1Y6ZHIAG890MM_blue3.png
https://images.squarespace-cdn.com/content/v1/5b68a4e4a2772c2a206180a1/1542743886296-CV996KCQS51VYCI28UAC/flow_web.png,1542743886296-CV996KCQS51VYCI28UAC_flow_web.png
https://images.squarespace-cdn.com/content/v1/5b68a4e4a2772c2a206180a1/1542743915201-N6ARNF392NV0X3JVEOC9/image-asset.png,1542743915201-N6ARNF392NV0X3JVEOC9_image-asset.png
https://images.squarespace-cdn.com/content/v1/5b68a4e4a2772c2a206180a1/1542743940915-JIFE5GOFJ6P3MC0B45VO/extractive.png,1542743940915-JIFE5GOFJ6P3MC0B45VO_extractive.png
https://images.squarespace-cdn.com/content/v1/5b68a4e4a2772c2a206180a1/1542743985908-BNEFS0EO40DJQGW43VD2/cashcrops.png,1542743985908-BNEFS0EO40DJQGW43VD2_cashcrops.png
https://images.squarespace-cdn.com/content/v1/5b68a4e4a2772c2a206180a1/1542744011626-MTTRZ4QR29PUORLQSUJQ/image-asset.png,1542744011626-MTTRZ4QR29PUORLQSUJQ_image-asset.png
https://images.squarespace-cdn.com/content/v1/5b68a4e4a2772c2a206180a1/1541708400578-8CY9UGJ9TTTH0S5RL28F/blue2.png?format=2500w,1541708400578-8CY9UGJ9TTTH0S5RL28F_blue2.png?format=2500w
https://m.media-amazon.com/images/I/41QWDEecT4L._SL500_.jpg,I_41QWDEecT4L._SL500_.jpg
https://images.squarespace-cdn.com/content/v1/5b68a4e4a2772c2a206180a1/349c27f5-7d04-4311-a82a-c4ea34eec793/thumbnail_83570850_2902419073153349_8508339537749999616_n.jpg,349c27f5-7d04-4311-a82a-c4ea34eec793_thumbnail_83570850_2902419073153349_8508339537749999616_n.jpg
https://images.squarespace-cdn.com/content/v1/5b68a4e4a2772c2a206180a1/1566591554013-KNP91L9LW2F0R8OT8ONJ/image-asset.jpeg?format=2500w,1566591554013-KNP91L9LW2F0R8OT8ONJ_image-asset.jpeg?format=2500w
https://images.squarespace-cdn.com/content/v1/5b68a4e4a2772c2a206180a1/1542659970080-DR660Z5VVRJWG4SRLZO0/trees-772550.jpg?format=2500w,1542659970080-DR660Z5VVRJWG4SRLZO0_trees-772550.jpg?format=2500w
https://images.squarespace-cdn.com/content/v1/5b68a4e4a2772c2a206180a1/1542660030964-ILS2AL1U33OEYQB5ROKJ/modeling.jpg,1542660030964-ILS2AL1U33OEYQB5ROKJ_modeling.jpg
https://images.squarespace-cdn.com/content/v1/5b68a4e4a2772c2a206180a1/1542660049307-K9605J1JMH62GCGCJ350/image-asset.jpeg,1542660049307-K9605J1JMH62GCGCJ350_image-asset.jpeg
https://images.squarespace-cdn.com/content/v1/5b68a4e4a2772c2a206180a1/1542660114698-IGKDVYP4W3M2NQ90B5KL/physics.jpg,1542660114698-IGKDVYP4W3M2NQ90B5KL_physics.jpg
https://images.squarespace-cdn.com/content/v1/5b68a4e4a2772c2a206180a1/1542660142528-O52C5MDABDOF91NH8HI5/image-asset.jpeg,1542660142528-O52C5MDABDOF91NH8HI5_image-asset.jpeg
https://images.squarespace-cdn.com/content/v1/5b68a4e4a2772c2a206180a1/1542655850501-W5IA1WPGNYFTSKDLMQYB/stock-exchange-738671.jpg?format=2500w,1542655850501-W5IA1WPGNYFTSKDLMQYB_stock-exchange-738671.jpg?format=2500w
https://images.squarespace-cdn.com/content/v1/5b68a4e4a2772c2a206180a1/1566592419398-3TTX2J7R6G5BQXUNPZ1G/image-asset.jpeg?format=2500w,1566592419398-3TTX2J7R6G5BQXUNPZ1G_image-asset.jpeg?format=2500w
https://images.squarespace-cdn.com/content/v1/5b68a4e4a2772c2a206180a1/1541606076476-WIB2F9P5K3JS6VZM6XV8/blue2.png?format=2500w,1541606076476-WIB2F9P5K3JS6VZM6XV8_blue2.png?format=2500w
https://images.squarespace-cdn.com/content/v1/5b68a4e4a2772c2a206180a1/1542299894944-HS1DX26FI474PJKMBMBC/tsmith.gif,1542299894944-HS1DX26FI474PJKMBMBC_tsmith.gif
https://images.squarespace-cdn.com/content/v1/5b68a4e4a2772c2a206180a1/1549382018868-08G9AYUHA08S5D2XOFAW/rowers1.jpeg,1549382018868-08G9AYUHA08S5D2XOFAW_rowers1.jpeg
https://images.squarespace-cdn.com/content/v1/5b68a4e4a2772c2a206180a1/1549382033044-ACE6Q4OIHZJ13XXC4R9W/rowers2.jpeg,1549382033044-ACE6Q4OIHZJ13XXC4R9W_rowers2.jpeg
https://images.squarespace-cdn.com/content/v1/5b68a4e4a2772c2a206180a1/1543869694804-HTQQN8KGC593WVDO72OX/blue3.png,1543869694804-HTQQN8KGC593WVDO72OX_blue3.png
https://images.squarespace-cdn.com/content/v1/5b68a4e4a2772c2a206180a1/1544474940747-2NWV3JCA177YPRC3YMUS/image-asset.png,1544474940747-2NWV3JCA177YPRC3YMUS_image-asset.png
https://images.squarespace-cdn.com/content/v1/5b68a4e4a2772c2a206180a1/1543592678770-WD9RHY2P9WW2754DFGY4/blue3.png,1543592678770-WD9RHY2P9WW2754DFGY4_blue3.png
https://images.squarespace-cdn.com/content/v1/5b68a4e4a2772c2a206180a1/1542830091902-KPGB2HU1QVM6JYRH5FB5/map.png,1542830091902-KPGB2HU1QVM6JYRH5FB5_map.png
https://images.squarespace-cdn.com/content/v1/5b68a4e4a2772c2a206180a1/1544027654338-EM37L4RAM73O2FVEFSRF/image-asset.jpeg,1544027654338-EM37L4RAM73O2FVEFSRF_image-asset.jpeg
https://images.squarespace-cdn.com/content/v1/5b68a4e4a2772c2a206180a1/1544027696381-DFXB32XLZY365CVLI63N/image-asset.png,1544027696381-DFXB32XLZY365CVLI63N_image-asset.png
https://images.squarespace-cdn.com/content/v1/5b68a4e4a2772c2a206180a1/1544027736701-BID2QVTRY3JETY202XQC/image-asset.png,1544027736701-BID2QVTRY3JETY202XQC_image-asset.png
https://images.squarespace-cdn.com/content/v1/5b68a4e4a2772c2a206180a1/e3042a5b-5081-4f18-b4e6-f68c937100cc/MFSchneinder-600x600.png,e3042a5b-5081-4f18-b4e6-f68c937100cc_MFSchneinder-600x600.png
https://images.squarespace-cdn.com/content/v1/5b68a4e4a2772c2a206180a1/1544222932948-Z98FSTOD1XV2G31OPPRQ/image-asset.png,1544222932948-Z98FSTOD1XV2G31OPPRQ_image-asset.png
https://images.squarespace-cdn.com/content/v1/5b68a4e4a2772c2a206180a1/1544222993688-R1B46X5JQEQ3180EGT71/examiner.png,1544222993688-R1B46X5JQEQ3180EGT71_examiner.png
https://images.squarespace-cdn.com/content/v1/5b68a4e4a2772c2a206180a1/1543609239166-44LOKZSPAHFKNY4WK0CJ/image-asset.png,1543609239166-44LOKZSPAHFKNY4WK0CJ_image-asset.png
https://images.squarespace-cdn.com/content/v1/5b68a4e4a2772c2a206180a1/1543609281475-WZRV0WH0DQT7LPWLL4IL/npr.jpg,1543609281475-WZRV0WH0DQT7LPWLL4IL_npr.jpg
https://images.squarespace-cdn.com/content/v1/5b68a4e4a2772c2a206180a1/1544222503621-X6MJVFD1SQ0PVXULE11D/image-asset.png,1544222503621-X6MJVFD1SQ0PVXULE11D_image-asset.png
https://images-na.ssl-images-amazon.com/images/I/51P6soThgpL.jpg,I_51P6soThgpL.jpg
https://images.squarespace-cdn.com/content/v1/5b68a4e4a2772c2a206180a1/1554153345642-ZO5AIR4XUASIVKTA9D5H/blue3.png,1554153345642-ZO5AIR4XUASIVKTA9D5H_blue3.png
https://images-na.ssl-images-amazon.com/images/I/51kcf51H96L.jpg,I_51kcf51H96L.jpg
https://images.squarespace-cdn.com/content/v1/5b68a4e4a2772c2a206180a1/1542298485197-PW2RZAY2LVZ9T1JXENOR/blebaron.jpg,1542298485197-PW2RZAY2LVZ9T1JXENOR_blebaron.jpg
https://images.squarespace-cdn.com/content/v1/5b68a4e4a2772c2a206180a1/1541708008714-SXJV9SLNG5G4SJNUT139/blue2.png?format=2500w,1541708008714-SXJV9SLNG5G4SJNUT139_blue2.png?format=2500w
https://images.squarespace-cdn.com/content/v1/5b68a4e4a2772c2a206180a1/1541707854537-ITPLCUD8QIBRUPU2E7Z8/knowledgemag1.jpg,1541707854537-ITPLCUD8QIBRUPU2E7Z8_knowledgemag1.jpg
https://images.squarespace-cdn.com/content/v1/5b68a4e4a2772c2a206180a1/1541707889330-OTWEYO8BJEO58DGD6E3T/interjournal.png,1541707889330-OTWEYO8BJEO58DGD6E3T_interjournal.png
https://images-na.ssl-images-amazon.com/images/I/510cXhwzAqL.jpg,I_510cXhwzAqL.jpg
https://images.squarespace-cdn.com/content/v1/5b68a4e4a2772c2a206180a1/1544124563600-3FENXIK546BYPMNROLF7/dynamicmed.png,1544124563600-3FENXIK546BYPMNROLF7_dynamicmed.png
https://images.squarespace-cdn.com/content/v1/5b68a4e4a2772c2a206180a1/5d11cb7f-c352-4203-8638-e68b92848943/101242-matti_heino_crop_2.png.png,5d11cb7f-c352-4203-8638-e68b92848943_101242-matti_heino_crop_2.png.png
https://images.squarespace-cdn.com/content/v1/5b68a4e4a2772c2a206180a1/1543853967083-4WKYSWOJ9I8FKGJRE31G/image-asset.png,1543853967083-4WKYSWOJ9I8FKGJRE31G_image-asset.png
https://images.squarespace-cdn.com/content/v1/5b68a4e4a2772c2a206180a1/1543854013391-CCYRNWDKHOFUE9QCUO3G/image-asset.png,1543854013391-CCYRNWDKHOFUE9QCUO3G_image-asset.png
https://images.squarespace-cdn.com/content/v1/5b68a4e4a2772c2a206180a1/1543854181505-AO73XG1VICM7XDGVXPGP/newscientist.png,1543854181505-AO73XG1VICM7XDGVXPGP_newscientist.png
https://images.squarespace-cdn.com/content/v1/5b68a4e4a2772c2a206180a1/1543854235342-8N4RH1QXEYYAAJ5ED3AQ/physorg1.png,1543854235342-8N4RH1QXEYYAAJ5ED3AQ_physorg1.png
https://images.squarespace-cdn.com/content/v1/5b68a4e4a2772c2a206180a1/1543854267645-Y6P7S58YO1KKJKO627P8/comdig.png,1543854267645-Y6P7S58YO1KKJKO627P8_comdig.png
https://images.squarespace-cdn.com/content/v1/5b68a4e4a2772c2a206180a1/1543854300875-DUH348QI8UNTB6VD8CK2/smartplanet.png,1543854300875-DUH348QI8UNTB6VD8CK2_smartplanet.png
https://images.squarespace-cdn.com/content/v1/5b68a4e4a2772c2a206180a1/1543854336980-H6L7SUKWU7JVGI0ZFYQM/silobreaker.png,1543854336980-H6L7SUKWU7JVGI0ZFYQM_silobreaker.png
https://images.squarespace-cdn.com/content/v1/5b68a4e4a2772c2a206180a1/1543854366683-LPY0NXN6E19DP2ACSAQT/latelier.png,1543854366683-LPY0NXN6E19DP2ACSAQT_latelier.png
https://images.squarespace-cdn.com/content/v1/5b68a4e4a2772c2a206180a1/1543854395645-NXHWM3O927BWK99MLAMF/huffingtonpost.png,1543854395645-NXHWM3O927BWK99MLAMF_huffingtonpost.png
https://images.squarespace-cdn.com/content/v1/5b68a4e4a2772c2a206180a1/1543854432501-UAKIS0NWM98C45WIMZ0A/alifeinmarketing.png,1543854432501-UAKIS0NWM98C45WIMZ0A_alifeinmarketing.png
https://images.squarespace-cdn.com/content/v1/5b68a4e4a2772c2a206180a1/1543854495947-8Q7KBJFGPD8II244DAES/image-asset.png,1543854495947-8Q7KBJFGPD8II244DAES_image-asset.png
https://images.squarespace-cdn.com/content/v1/5b68a4e4a2772c2a206180a1/1543854530908-4DP8ET24TV38PTXSN5PP/i4unews.png,1543854530908-4DP8ET24TV38PTXSN5PP_i4unews.png
https://images.squarespace-cdn.com/content/v1/5b68a4e4a2772c2a206180a1/1543854556531-3MR7O8C5G7CY6YQ634E5/ihatepaypal.png,1543854556531-3MR7O8C5G7CY6YQ634E5_ihatepaypal.png
https://images.squarespace-cdn.com/content/v1/5b68a4e4a2772c2a206180a1/1543854585938-WFKP0UJ6R1JKZI2B6VMC/scoopit.png,1543854585938-WFKP0UJ6R1JKZI2B6VMC_scoopit.png
https://images.squarespace-cdn.com/content/v1/5b68a4e4a2772c2a206180a1/1543854608789-QYB6WE9TYU32KV5MOIG2/hatena.png,1543854608789-QYB6WE9TYU32KV5MOIG2_hatena.png
https://images.squarespace-cdn.com/content/v1/5b68a4e4a2772c2a206180a1/1571853075995-3DE114RKU809EM4UBUAT/rsos.png,1571853075995-3DE114RKU809EM4UBUAT_rsos.png
https://images.squarespace-cdn.com/content/v1/5b68a4e4a2772c2a206180a1/1542297913807-VRNVC065YDN346CYKY5V/kagan.gif,1542297913807-VRNVC065YDN346CYKY5V_kagan.gif
https://images.squarespace-cdn.com/content/v1/5b68a4e4a2772c2a206180a1/1542298980908-H5PP06TSWR3RN5D0CB8N/pimm.jpg,1542298980908-H5PP06TSWR3RN5D0CB8N_pimm.jpg
https://images.squarespace-cdn.com/content/v1/5b68a4e4a2772c2a206180a1/1542231503278-RDSKELNIXHC682L682GM/fumismall.JPG,1542231503278-RDSKELNIXHC682L682GM_fumismall.JPG
https://images.squarespace-cdn.com/content/v1/5b68a4e4a2772c2a206180a1/1543866718490-NPKQ2AZFNLIEPZG8N37V/blue3.png,1543866718490-NPKQ2AZFNLIEPZG8N37V_blue3.png
https://images.squarespace-cdn.com/content/v1/5b68a4e4a2772c2a206180a1/1543866773102-5D6K7A3V67AA8OQVFBDW/ebola-net1.png,1543866773102-5D6K7A3V67AA8OQVFBDW_ebola-net1.png
https://images.squarespace-cdn.com/content/v1/5b68a4e4a2772c2a206180a1/1543866795609-8EXIMRR8Y19NQXMVVF0R/image-asset.png,1543866795609-8EXIMRR8Y19NQXMVVF0R_image-asset.png
https://images.squarespace-cdn.com/content/v1/5b68a4e4a2772c2a206180a1/1543859702549-RJ8TI2YX257VHKO0K1JT/image-asset.png,1543859702549-RJ8TI2YX257VHKO0K1JT_image-asset.png
https://images.squarespace-cdn.com/content/v1/5b68a4e4a2772c2a206180a1/1543859734687-KGLE1LADZP5X0HDT6V4M/blue3.png,1543859734687-KGLE1LADZP5X0HDT6V4M_blue3.png
https://images.squarespace-cdn.com/content/v1/5b68a4e4a2772c2a206180a1/1544464094615-AH650F3YNV5MZIQ8OC1K/image-asset.png,1544464094615-AH650F3YNV5MZIQ8OC1K_image-asset.png
https://images.squarespace-cdn.com/content/v1/5b68a4e4a2772c2a206180a1/1544464119350-GUUI5ONLKFY8PJJ1IDLD/image-asset.jpeg,1544464119350-GUUI5ONLKFY8PJJ1IDLD_image-asset.jpeg
https://images.squarespace-cdn.com/content/v1/5b68a4e4a2772c2a206180a1/1544032717101-T5CBYF39N7QQJCZG2CH8/image-asset.png,1544032717101-T5CBYF39N7QQJCZG2CH8_image-asset.png
https://images.squarespace-cdn.com/content/v1/5b68a4e4a2772c2a206180a1/1544032774654-3PGIE2FNZNAGH2T9OWSC/wired.png,1544032774654-3PGIE2FNZNAGH2T9OWSC_wired.png
https://images-na.ssl-images-amazon.com/images/I/51cQo1OPqQL.jpg,I_51cQo1OPqQL.jpg
https://images.squarespace-cdn.com/content/v1/5b68a4e4a2772c2a206180a1/1544036963060-R32EPWF8JRUQCMDPZDUG/image-asset.png,1544036963060-R32EPWF8JRUQCMDPZDUG_image-asset.png
https://images.squarespace-cdn.com/content/v1/5b68a4e4a2772c2a206180a1/1544037011773-LGWUYMMH7CA6PM9ZPNYA/image-asset.jpeg,1544037011773-LGWUYMMH7CA6PM9ZPNYA_image-asset.jpeg
https://images.squarespace-cdn.com/content/v1/5b68a4e4a2772c2a206180a1/1544037038113-DU9SBW1EFLUMSX2AUNW2/image-asset.jpeg,1544037038113-DU9SBW1EFLUMSX2AUNW2_image-asset.jpeg
https://images.squarespace-cdn.com/content/v1/5b68a4e4a2772c2a206180a1/1544037073018-98O4W5LXM3VR02JNOEZE/image-asset.png,1544037073018-98O4W5LXM3VR02JNOEZE_image-asset.png
https://images.squarespace-cdn.com/content/v1/5b68a4e4a2772c2a206180a1/1544037147211-XPC64CGXFPFAE7OG18C8/yugo4.png,1544037147211-XPC64CGXFPFAE7OG18C8_yugo4.png
https://images.squarespace-cdn.com/content/v1/5b68a4e4a2772c2a206180a1/1542655499908-O79BKXWG287YGS6IQ5U1/violence.png?format=2500w,1542655499908-O79BKXWG287YGS6IQ5U1_violence.png?format=2500w
https://images.squarespace-cdn.com/content/v1/5b68a4e4a2772c2a206180a1/1551455387225-O17RHNCT7E79T6UC0LR5/fig2_v5.png,1551455387225-O17RHNCT7E79T6UC0LR5_fig2_v5.png
https://images.squarespace-cdn.com/content/v1/5b68a4e4a2772c2a206180a1/1551455455584-EYE8532BZGCEU2QUW3JM/fig3_v2.png,1551455455584-EYE8532BZGCEU2QUW3JM_fig3_v2.png
https://images.squarespace-cdn.com/content/v1/5b68a4e4a2772c2a206180a1/1551455494230-RO3TY7NQEKQNFKOEZEW3/fig1_v2.png,1551455494230-RO3TY7NQEKQNFKOEZEW3_fig1_v2.png
https://images.squarespace-cdn.com/content/v1/5b68a4e4a2772c2a206180a1/1543592655781-NC5LZ1QT0STAVF3S7VJW/blue3.png,1543592655781-NC5LZ1QT0STAVF3S7VJW_blue3.png
https://images.squarespace-cdn.com/content/v1/5b68a4e4a2772c2a206180a1/1542829802621-FFI2TVTUN4BV8F3627KC/combmaps1.jpg,1542829802621-FFI2TVTUN4BV8F3627KC_combmaps1.jpg
https://images.squarespace-cdn.com/content/v1/5b68a4e4a2772c2a206180a1/1542829825609-DFCFFZQG1USJX6A7NEQQ/BBCconflictmap.jpg,1542829825609-DFCFFZQG1USJX6A7NEQQ_BBCconflictmap.jpg
https://images.squarespace-cdn.com/content/v1/5b68a4e4a2772c2a206180a1/1590606247012-89W5LXQBA0NCTHGBJHSV/CT_of_a_normal_abdomen_and_pelvis%252C_axial_plane_1.jpg?format=2500w,1590606247012-89W5LXQBA0NCTHGBJHSV_CT_of_a_normal_abdomen_and_pelvis%252C_axial_plane_1.jpg?format=2500w
https://images.squarespace-cdn.com/content/v1/5b68a4e4a2772c2a206180a1/1590599898022-T0GU6V695PN54E1R7P75/Fig_2.png,1590599898022-T0GU6V695PN54E1R7P75_Fig_2.png
https://images.squarespace-cdn.com/content/v1/5b68a4e4a2772c2a206180a1/1590599977189-9V3U90W6ZDYPO35RHNEI/Fig_3.png,1590599977189-9V3U90W6ZDYPO35RHNEI_Fig_3.png
https://images.squarespace-cdn.com/content/v1/5b68a4e4a2772c2a206180a1/1590600085806-KOKA2SCVZHDQGXYNOGXH/Fig_4.png,1590600085806-KOKA2SCVZHDQGXYNOGXH_Fig_4.png
https://images.squarespace-cdn.com/content/v1/5b68a4e4a2772c2a206180a1/1590599817505-2P06FHWPTOK9TEHOL08E/Fig_1.png,1590599817505-2P06FHWPTOK9TEHOL08E_Fig_1.png
https://images.squarespace-cdn.com/content/v1/5b68a4e4a2772c2a206180a1/1543612110538-S5L830JIRB99EGM9X40R/image-asset.png,1543612110538-S5L830JIRB99EGM9X40R_image-asset.png
https://images.squarespace-cdn.com/content/v1/5b68a4e4a2772c2a206180a1/1544044266964-LFA3II8LIXLC9HEGJ0SN/image-asset.png,1544044266964-LFA3II8LIXLC9HEGJ0SN_image-asset.png
https://images.squarespace-cdn.com/content/v1/5b68a4e4a2772c2a206180a1/1544044353924-K0YDDD2BI866EIP4M1FM/extralargemedium.PNG,1544044353924-K0YDDD2BI866EIP4M1FM_extralargemedium.PNG
https://images.squarespace-cdn.com/content/v1/5b68a4e4a2772c2a206180a1/1544044396315-86ULVAC72GMU8V40GOJW/image-asset.png,1544044396315-86ULVAC72GMU8V40GOJW_image-asset.png
https://images.squarespace-cdn.com/content/v1/5b68a4e4a2772c2a206180a1/1541518471100-05HIUMETZDLIZDLLMGPA/winterbanner.png?format=2500w,1541518471100-05HIUMETZDLIZDLLMGPA_winterbanner.png?format=2500w
https://images.squarespace-cdn.com/content/v1/5b68a4e4a2772c2a206180a1/1541518289083-6H6WJZNH3Q1XMJ1YX41M/winterbannertext.png,1541518289083-6H6WJZNH3Q1XMJ1YX41M_winterbannertext.png
https://images.squarespace-cdn.com/content/v1/5b68a4e4a2772c2a206180a1/1541517705270-9H97ZW56RIIF0Z8PMUJF/image-asset.jpeg,1541517705270-9H97ZW56RIIF0Z8PMUJF_image-asset.jpeg
https://images.squarespace-cdn.com/content/v1/5b68a4e4a2772c2a206180a1/1541517920154-U8VHRCWOD2LYWSWB2BTI/image-asset.png,1541517920154-U8VHRCWOD2LYWSWB2BTI_image-asset.png
https://images.squarespace-cdn.com/content/v1/5b68a4e4a2772c2a206180a1/1541519266528-15WOY7LEJKPYKJWXY4AY/educ9.JPG,1541519266528-15WOY7LEJKPYKJWXY4AY_educ9.JPG
https://images.squarespace-cdn.com/content/v1/5b68a4e4a2772c2a206180a1/1541519828130-A74TL137E8WUK9GX4BNT/img22.png,1541519828130-A74TL137E8WUK9GX4BNT_img22.png
https://images.squarespace-cdn.com/content/v1/5b68a4e4a2772c2a206180a1/1573832892958-X5OZSKJ2RIEMEPUK9L8R/pentland.jpg,1573832892958-X5OZSKJ2RIEMEPUK9L8R_pentland.jpg
https://images.squarespace-cdn.com/content/v1/5b68a4e4a2772c2a206180a1/1573833294414-XKT22HJVSFW7B86GE473/hyoun.jpg,1573833294414-XKT22HJVSFW7B86GE473_hyoun.jpg
https://images.squarespace-cdn.com/content/v1/5b68a4e4a2772c2a206180a1/1574694441440-R75MNKF2BQAN7L6GUWLR/bongard.jpeg,1574694441440-R75MNKF2BQAN7L6GUWLR_bongard.jpeg
https://images.squarespace-cdn.com/content/v1/5b68a4e4a2772c2a206180a1/1574698274134-01MD07FIASD95MDRW5HL/elena-naumova.png,1574698274134-01MD07FIASD95MDRW5HL_elena-naumova.png
https://images.squarespace-cdn.com/content/v1/5b68a4e4a2772c2a206180a1/1574694607694-EU3EL57D0RDP3PA0A8W9/lebaron.jpg,1574694607694-EU3EL57D0RDP3PA0A8W9_lebaron.jpg
https://images.squarespace-cdn.com/content/v1/5b68a4e4a2772c2a206180a1/1556218250379-WF98MYVPLILDPT4M495V/FavoritePart2.png?format=1500w,1556218250379-WF98MYVPLILDPT4M495V_FavoritePart2.png?format=1500w
https://images.squarespace-cdn.com/content/v1/5b68a4e4a2772c2a206180a1/1541519974158-GO6MWS7NWUUV7BXDOZ3O/educ7.jpg,1541519974158-GO6MWS7NWUUV7BXDOZ3O_educ7.jpg
https://images.squarespace-cdn.com/content/v1/5b68a4e4a2772c2a206180a1/1543870309319-D2P06QFLPIN46S5YJOUV/blue3.png,1543870309319-D2P06QFLPIN46S5YJOUV_blue3.png
https://images.squarespace-cdn.com/content/v1/5b68a4e4a2772c2a206180a1/1549483673366-SOM40S4Y5UWQW7R6GQE4/blue-background3.png?format=2500w,1549483673366-SOM40S4Y5UWQW7R6GQE4_blue-background3.png?format=2500w
https://images.squarespace-cdn.com/content/v1/5b68a4e4a2772c2a206180a1/37ab87e7-3ca5-4399-91a9-23dd726d784a/Complexity+Course+Banner-02-02-02.png,37ab87e7-3ca5-4399-91a9-23dd726d784a_Complexity+Course+Banner-02-02-02.png
https://images.squarespace-cdn.com/content/v1/5b68a4e4a2772c2a206180a1/bcdd07e5-c2fb-45ec-9770-2902d5e64098/May+30+%281%29.png,bcdd07e5-c2fb-45ec-9770-2902d5e64098_May+30+%281%29.png
https://images.squarespace-cdn.com/content/v1/5b68a4e4a2772c2a206180a1/1600695364312-OF9AKTB4N2NWLDRD8JDA/salt-banner.png,1600695364312-OF9AKTB4N2NWLDRD8JDA_salt-banner.png
https://images.squarespace-cdn.com/content/v1/5b68a4e4a2772c2a206180a1/1583444784053-6NOFTU34JW5H166H9NDJ/voting2.png,1583444784053-6NOFTU34JW5H166H9NDJ_voting2.png
https://images.squarespace-cdn.com/content/v1/5b68a4e4a2772c2a206180a1/1600695423683-O9ZG4SAPXFLUZ0NU7CUW/complexsystems-tile.png,1600695423683-O9ZG4SAPXFLUZ0NU7CUW_complexsystems-tile.png
https://pbs.twimg.com/profile_images/1093244361159135232/mbLddpI6_normal.jpg,1093244361159135232_mbLddpI6_normal.jpg
https://images.squarespace-cdn.com/content/v1/5b68a4e4a2772c2a206180a1/1540307152187-KTSRGCZDDL5OS13EPOR6/NECSIhed2.png?format=2500w,1540307152187-KTSRGCZDDL5OS13EPOR6_NECSIhed2.png?format=2500w
https://images.squarespace-cdn.com/content/v1/5b68a4e4a2772c2a206180a1/1540306932825-ISQJO7IULCHQXZ3X3P7V/technology-3243375.jpg?format=2500w,1540306932825-ISQJO7IULCHQXZ3X3P7V_technology-3243375.jpg?format=2500w
https://images.squarespace-cdn.com/content/v1/5b68a4e4a2772c2a206180a1/1550162300636-Y7TQQJK7Q9NNM6J6BV7K/cover.jpg,1550162300636-Y7TQQJK7Q9NNM6J6BV7K_cover.jpg
https://images.squarespace-cdn.com/content/v1/5b68a4e4a2772c2a206180a1/1570023180883-3OVUC8AQ5GFM7IU3FNEW/FIG1.png,1570023180883-3OVUC8AQ5GFM7IU3FNEW_FIG1.png
https://images.squarespace-cdn.com/content/v1/5b68a4e4a2772c2a206180a1/1570023213052-WPF4MZRGP2LTPJFBERW6/FIG2.png,1570023213052-WPF4MZRGP2LTPJFBERW6_FIG2.png
https://images.squarespace-cdn.com/content/v1/5b68a4e4a2772c2a206180a1/1543859948301-LAFRXC607247AGPQGU2G/blue3.png,1543859948301-LAFRXC607247AGPQGU2G_blue3.png
https://images.squarespace-cdn.com/content/v1/5b68a4e4a2772c2a206180a1/1544128055839-6Q1F5VXA562WPFXL1QFN/blue3.png,1544128055839-6Q1F5VXA562WPFXL1QFN_blue3.png
https://images.squarespace-cdn.com/content/v1/5b68a4e4a2772c2a206180a1/1547567536797-SXL0SPXHAPALLHCTNEJF/blue3.png,1547567536797-SXL0SPXHAPALLHCTNEJF_blue3.png
https://images.squarespace-cdn.com/content/v1/5b68a4e4a2772c2a206180a1/1542298130479-FFHEVJP83EYDXS4UMZDL/kaufman.jpg,1542298130479-FFHEVJP83EYDXS4UMZDL_kaufman.jpg
https://images.squarespace-cdn.com/content/v1/5b68a4e4a2772c2a206180a1/1543592624079-34P1R7A33TVPZOXHE8FG/blue3.png,1543592624079-34P1R7A33TVPZOXHE8FG_blue3.png
https://images.squarespace-cdn.com/content/v1/5b68a4e4a2772c2a206180a1/1542829538110-SPXYIIFKNP9L0XLME4IU/safezones.jpg,1542829538110-SPXYIIFKNP9L0XLME4IU_safezones.jpg
https://images.squarespace-cdn.com/content/v1/5b68a4e4a2772c2a206180a1/1542659138391-L45YKZJHAW5S9GT7G4ZP/economics.jpg?format=2500w,1542659138391-L45YKZJHAW5S9GT7G4ZP_economics.jpg?format=2500w
https://images.squarespace-cdn.com/content/v1/5b68a4e4a2772c2a206180a1/1542659236167-UIO6Q4AW9VEZN6C8QUMV/econunivers-4.png,1542659236167-UIO6Q4AW9VEZN6C8QUMV_econunivers-4.png
https://images.squarespace-cdn.com/content/v1/5b68a4e4a2772c2a206180a1/1542659347709-7UJDL7X4NE6VI2Q7H5PE/FoodPrices.jpg,1542659347709-7UJDL7X4NE6VI2Q7H5PE_FoodPrices.jpg
https://images.squarespace-cdn.com/content/v1/5b68a4e4a2772c2a206180a1/1542659407335-FFE3KATZPRWOEKSIBOSZ/extrapolation.png,1542659407335-FFE3KATZPRWOEKSIBOSZ_extrapolation.png
https://images.squarespace-cdn.com/content/v1/5b68a4e4a2772c2a206180a1/1542659436068-H8IBWSO3R13Q2UGPI73F/Panic.png,1542659436068-H8IBWSO3R13Q2UGPI73F_Panic.png
https://images.squarespace-cdn.com/content/v1/5b68a4e4a2772c2a206180a1/1542659504080-BI1DSV90Z0I193R2E2Y0/image-asset.png,1542659504080-BI1DSV90Z0I193R2E2Y0_image-asset.png
https://images.squarespace-cdn.com/content/v1/5b68a4e4a2772c2a206180a1/1542659553843-NPDNUIFB3T73ND2Q5KQO/Interdependence.png,1542659553843-NPDNUIFB3T73ND2Q5KQO_Interdependence.png
https://images.squarespace-cdn.com/content/v1/5b68a4e4a2772c2a206180a1/1542659598594-7MCZ6O2GA9PRBQRU5RBJ/Uptick.png,1542659598594-7MCZ6O2GA9PRBQRU5RBJ_Uptick.png
https://images.squarespace-cdn.com/content/v1/5b68a4e4a2772c2a206180a1/1546289233940-RH72SZYQ2E0SYC9KCNNF/image-asset.gif,1546289233940-RH72SZYQ2E0SYC9KCNNF_image-asset.gif
https://images.squarespace-cdn.com/content/v1/5b68a4e4a2772c2a206180a1/1543867082198-ZDD4VYK0SA73F7EY03D2/blue3.png,1543867082198-ZDD4VYK0SA73F7EY03D2_blue3.png
https://images.squarespace-cdn.com/content/v1/5b68a4e4a2772c2a206180a1/1543867170951-T1JKO2CAXP3JDVUTF8LC/motherboard.png,1543867170951-T1JKO2CAXP3JDVUTF8LC_motherboard.png
https://images.squarespace-cdn.com/content/v1/5b68a4e4a2772c2a206180a1/1543867233296-1D0A0V71DBRXCHXP9YSD/extinction.png,1543867233296-1D0A0V71DBRXCHXP9YSD_extinction.png
https://images.squarespace-cdn.com/content/v1/5b68a4e4a2772c2a206180a1/1542299794257-VSPTIO7UH62YWR0366IL/senge.jpg,1542299794257-VSPTIO7UH62YWR0366IL_senge.jpg
https://images.squarespace-cdn.com/content/v1/5b68a4e4a2772c2a206180a1/1543592815070-4C9LYKOVF7DVFPKO4PYL/blue3.png,1543592815070-4C9LYKOVF7DVFPKO4PYL_blue3.png
https://images.squarespace-cdn.com/content/v1/5b68a4e4a2772c2a206180a1/1542744804106-9WN10560UQPDG6RJ6KGP/econunivers-4.png,1542744804106-9WN10560UQPDG6RJ6KGP_econunivers-4.png
https://images.squarespace-cdn.com/content/v1/5b68a4e4a2772c2a206180a1/1542745293934-FPHO1AXSMAKQQ6XUQ5IQ/CvsI.png,1542745293934-FPHO1AXSMAKQQ6XUQ5IQ_CvsI.png
https://images.squarespace-cdn.com/content/v1/5b68a4e4a2772c2a206180a1/1542745420970-SBXRWH3XBA6Q0SZ5FQUC/image-asset.png,1542745420970-SBXRWH3XBA6Q0SZ5FQUC_image-asset.png
https://images.squarespace-cdn.com/content/v1/5b68a4e4a2772c2a206180a1/1542745502047-QQY31W88FKA0OWAK7H4H/image-asset.png,1542745502047-QQY31W88FKA0OWAK7H4H_image-asset.png
https://images.squarespace-cdn.com/content/v1/5b68a4e4a2772c2a206180a1/1542745473873-KEWQK347NGCK8LYJB5MP/image-asset.png,1542745473873-KEWQK347NGCK8LYJB5MP_image-asset.png
https://images.squarespace-cdn.com/content/v1/5b68a4e4a2772c2a206180a1/1562611598282-LY75COUZHYGHPCNJBE83/blue2.png?format=2500w,1562611598282-LY75COUZHYGHPCNJBE83_blue2.png?format=2500w
https://images.squarespace-cdn.com/content/v1/5b68a4e4a2772c2a206180a1/1544031348998-8T4BII7XKHIYIJ0E6OYM/blue3.png,1544031348998-8T4BII7XKHIYIJ0E6OYM_blue3.png
https://images.squarespace-cdn.com/content/v1/5b68a4e4a2772c2a206180a1/1544199494463-Z31ZV7KN24N9WP9120RR/complexity_cover.png,1544199494463-Z31ZV7KN24N9WP9120RR_complexity_cover.png
https://images.squarespace-cdn.com/content/v1/5b68a4e4a2772c2a206180a1/1544222193488-QGVGCBVO0N5YTDDWN31P/image-asset.png,1544222193488-QGVGCBVO0N5YTDDWN31P_image-asset.png
https://images.squarespace-cdn.com/content/v1/5b68a4e4a2772c2a206180a1/1542297724028-V7NHTK13QRHOYTRGH4U7/hartmann1.png,1542297724028-V7NHTK13QRHOYTRGH4U7_hartmann1.png
https://images.squarespace-cdn.com/content/v1/5b68a4e4a2772c2a206180a1/1543263354499-9PWKCMAZT3ND0PQDTQED/cxprofile.png,1543263354499-9PWKCMAZT3ND0PQDTQED_cxprofile.png
https://images.squarespace-cdn.com/content/v1/5b68a4e4a2772c2a206180a1/1541779303268-IQNQQ2BGR5WEFXD5KL5Y/iccsvol8.png,1541779303268-IQNQQ2BGR5WEFXD5KL5Y_iccsvol8.png
https://images.squarespace-cdn.com/content/v1/5b68a4e4a2772c2a206180a1/1542232010562-I7AX1OYAX701Q7IMTM36/vester.jpg,1542232010562-I7AX1OYAX701Q7IMTM36_vester.jpg
https://images.squarespace-cdn.com/content/v1/5b68a4e4a2772c2a206180a1/1543873482137-FVLJEPNU6Q3NQ49Q2DU2/ZikaColombiaMicro7.png,1543873482137-FVLJEPNU6Q3NQ49Q2DU2_ZikaColombiaMicro7.png
https://images.squarespace-cdn.com/content/v1/5b68a4e4a2772c2a206180a1/1543873512162-RGKPTESFJY412GQRSSTR/blue3.png,1543873512162-RGKPTESFJY412GQRSSTR_blue3.png
https://images.squarespace-cdn.com/content/v1/5b68a4e4a2772c2a206180a1/1543873539694-JH7324WVDL2FG5BG8QU2/image-asset.png,1543873539694-JH7324WVDL2FG5BG8QU2_image-asset.png
https://images.squarespace-cdn.com/content/v1/5b68a4e4a2772c2a206180a1/1543873583905-Z146RILLSMCONFR3VQDM/image-asset.png,1543873583905-Z146RILLSMCONFR3VQDM_image-asset.png
https://images.squarespace-cdn.com/content/v1/5b68a4e4a2772c2a206180a1/1543873616951-TEY21IF95DZGKMTYRBE6/image-asset.png,1543873616951-TEY21IF95DZGKMTYRBE6_image-asset.png
https://images.squarespace-cdn.com/content/v1/5b68a4e4a2772c2a206180a1/1543873674140-0I7C0S8FJ65JJCI87808/image-asset.png,1543873674140-0I7C0S8FJ65JJCI87808_image-asset.png
https://images.squarespace-cdn.com/content/v1/5b68a4e4a2772c2a206180a1/1543873711608-E0THKR35L48UDTD6YCV5/image-asset.png,1543873711608-E0THKR35L48UDTD6YCV5_image-asset.png
https://images.squarespace-cdn.com/content/v1/5b68a4e4a2772c2a206180a1/1543873747034-RR2MYB2L9QHKQX74B3Y9/image-asset.png,1543873747034-RR2MYB2L9QHKQX74B3Y9_image-asset.png
https://images.squarespace-cdn.com/content/v1/5b68a4e4a2772c2a206180a1/1544476694986-SHJL36H3FZ7M525S0X2Y/HuangNatureNews.png,1544476694986-SHJL36H3FZ7M525S0X2Y_HuangNatureNews.png
https://images.squarespace-cdn.com/content/v1/5b68a4e4a2772c2a206180a1/1544219701537-WNDBXK19ZC40SMRLVOAU/apostle-1701732.jpg?format=2500w,1544219701537-WNDBXK19ZC40SMRLVOAU_apostle-1701732.jpg?format=2500w
https://images.squarespace-cdn.com/content/v1/5b68a4e4a2772c2a206180a1/1544219794630-0A2OG2NFYOLU488JP55F/image-asset.png,1544219794630-0A2OG2NFYOLU488JP55F_image-asset.png
https://images.squarespace-cdn.com/content/v1/5b68a4e4a2772c2a206180a1/1544476919359-BV73P8QAKQ8EV5XQUYBK/image-asset.gif,1544476919359-BV73P8QAKQ8EV5XQUYBK_image-asset.gif
https://images.squarespace-cdn.com/content/v1/5b68a4e4a2772c2a206180a1/1544476946157-4NJ88UM23SKG8FJPXOVI/image-asset.jpeg,1544476946157-4NJ88UM23SKG8FJPXOVI_image-asset.jpeg
https://images.squarespace-cdn.com/content/v1/5b68a4e4a2772c2a206180a1/1543874302782-1ZZT4LZ0E376KKGEQAFX/image-asset.png,1543874302782-1ZZT4LZ0E376KKGEQAFX_image-asset.png
https://images.squarespace-cdn.com/content/v1/5b68a4e4a2772c2a206180a1/1542655078938-9JEHP1RSUBZZ6LFZZZXK/desert-279862.jpg?format=2500w,1542655078938-9JEHP1RSUBZZ6LFZZZXK_desert-279862.jpg?format=2500w
https://images.squarespace-cdn.com/content/v1/5b68a4e4a2772c2a206180a1/1584980702342-6ZQAZAKQBO2TPVLHIR2S/sewing-586193.jpg?format=2500w,1584980702342-6ZQAZAKQBO2TPVLHIR2S_sewing-586193.jpg?format=2500w
https://images.squarespace-cdn.com/content/v1/5b68a4e4a2772c2a206180a1/1543864411357-REQZH84E83UB8D5IQ3YR/image-asset.png,1543864411357-REQZH84E83UB8D5IQ3YR_image-asset.png
https://images.squarespace-cdn.com/content/v1/5b68a4e4a2772c2a206180a1/1543864436550-XSKLGDGXE28SUEJ785S8/blue3.png,1543864436550-XSKLGDGXE28SUEJ785S8_blue3.png
https://images.squarespace-cdn.com/content/v1/5b68a4e4a2772c2a206180a1/1542818161607-T38VEVDLKJ4VEGQWGA48/F1-large.jpg,1542818161607-T38VEVDLKJ4VEGQWGA48_F1-large.jpg
https://images.squarespace-cdn.com/content/v1/5b68a4e4a2772c2a206180a1/1542818197415-Y6MLWTXUX1TNIBAD2P58/image-asset.jpeg,1542818197415-Y6MLWTXUX1TNIBAD2P58_image-asset.jpeg
https://images.squarespace-cdn.com/content/v1/5b68a4e4a2772c2a206180a1/1542818227261-1P1THCUSOAJ63FH3QMVM/fig3-abc.png,1542818227261-1P1THCUSOAJ63FH3QMVM_fig3-abc.png
https://images.squarespace-cdn.com/content/v1/5b68a4e4a2772c2a206180a1/1542818258521-1J04CWFFAV3WS27EYU4C/fig4.png,1542818258521-1J04CWFFAV3WS27EYU4C_fig4.png
https://images.squarespace-cdn.com/content/v1/5b68a4e4a2772c2a206180a1/1543268404264-TW9D9FNIP7QPNQ7XFP7P/model.jpg,1543268404264-TW9D9FNIP7QPNQ7XFP7P_model.jpg
https://images.squarespace-cdn.com/content/v1/5b68a4e4a2772c2a206180a1/1543268455136-UL0ZGT7L70OYYMOUQLFF/centralasia.jpg,1543268455136-UL0ZGT7L70OYYMOUQLFF_centralasia.jpg
https://images.squarespace-cdn.com/content/v1/5b68a4e4a2772c2a206180a1/1543268518846-BOTETH7OXOZSV8M7D3QK/page1image.png,1543268518846-BOTETH7OXOZSV8M7D3QK_page1image.png
https://images.squarespace-cdn.com/content/v1/5b68a4e4a2772c2a206180a1/1584893864555-78635TYA94Y1JRHA70LD/CommunitySupport.png,1584893864555-78635TYA94Y1JRHA70LD_CommunitySupport.png
https://images.squarespace-cdn.com/content/v1/5b68a4e4a2772c2a206180a1/1544027032134-VCACD78K9C2QRSN9V1EB/infectiontimeline.png,1544027032134-VCACD78K9C2QRSN9V1EB_infectiontimeline.png
https://images.squarespace-cdn.com/content/v1/5b68a4e4a2772c2a206180a1/1544027079111-G4CEFZ39ZUTNUN02AHRG/image-asset.png,1544027079111-G4CEFZ39ZUTNUN02AHRG_image-asset.png
https://images.squarespace-cdn.com/content/v1/5b68a4e4a2772c2a206180a1/1544027123995-0UT4V5BV5LU214BUSGMI/image-asset.png,1544027123995-0UT4V5BV5LU214BUSGMI_image-asset.png
https://images.squarespace-cdn.com/content/v1/5b68a4e4a2772c2a206180a1/1544027197152-KB7HSJI5AS4UZ8TWR5TI/screen-0001_2.gif,1544027197152-KB7HSJI5AS4UZ8TWR5TI_screen-0001_2.gif
https://images.squarespace-cdn.com/content/v1/5b68a4e4a2772c2a206180a1/1544027269955-QDVENGYS5XZARQ723WBB/infectiontimeline4.png,1544027269955-QDVENGYS5XZARQ723WBB_infectiontimeline4.png
https://images.squarespace-cdn.com/content/v1/5b68a4e4a2772c2a206180a1/1544210812973-CJORCNDT49GNZVWVUKK4/image-asset.png,1544210812973-CJORCNDT49GNZVWVUKK4_image-asset.png
https://images.squarespace-cdn.com/content/v1/5b68a4e4a2772c2a206180a1/1544210837056-T9KSG3VPYH4I6DE18G2A/image-asset.png,1544210837056-T9KSG3VPYH4I6DE18G2A_image-asset.png
https://images.squarespace-cdn.com/content/v1/5b68a4e4a2772c2a206180a1/1542384270439-Z90Y63C6MFM3CRA00X7A/blue2.png?format=2500w,1542384270439-Z90Y63C6MFM3CRA00X7A_blue2.png?format=2500w
https://images.squarespace-cdn.com/content/v1/5b68a4e4a2772c2a206180a1/1602686195420-XRLNECR0YZ21692TORI4/JS-RGB-2048x2048.png?format=750w,1602686195420-XRLNECR0YZ21692TORI4_JS-RGB-2048x2048.png?format=750w
https://images.squarespace-cdn.com/content/v1/5b68a4e4a2772c2a206180a1/1550171097395-B0TVHLN9Z5MRIWJYD0NC/Pull-Up-a-Pew-Logo.png?format=750w,1550171097395-B0TVHLN9Z5MRIWJYD0NC_Pull-Up-a-Pew-Logo.png?format=750w
https://images.squarespace-cdn.com/content/v1/5b68a4e4a2772c2a206180a1/1542384103372-WRZQCU611RSACF7Z2FR3/humancurrent.png?format=750w,1542384103372-WRZQCU611RSACF7Z2FR3_humancurrent.png?format=750w
https://images.squarespace-cdn.com/content/v1/5b68a4e4a2772c2a206180a1/1542384558102-AJJBS4BVPAZ21KFGAU2W/likeville.png?format=750w,1542384558102-AJJBS4BVPAZ21KFGAU2W_likeville.png?format=750w
https://images.squarespace-cdn.com/content/v1/5b68a4e4a2772c2a206180a1/1542384629050-ZZTBAXD8LD5LXDMNNIC4/humancurrent.png?format=750w,1542384629050-ZZTBAXD8LD5LXDMNNIC4_humancurrent.png?format=750w
https://images.squarespace-cdn.com/content/v1/5b68a4e4a2772c2a206180a1/1552417534645-ZW13MR0B99RWLUILUHP8/podcast_graphic_YBY.png?format=750w,1552417534645-ZW13MR0B99RWLUILUHP8_podcast_graphic_YBY.png?format=750w
https://images.squarespace-cdn.com/content/v1/5b68a4e4a2772c2a206180a1/1542384687634-9DFA33WSOCS4KTBQ8KXL/humancurrent.png?format=750w,1542384687634-9DFA33WSOCS4KTBQ8KXL_humancurrent.png?format=750w
https://images.squarespace-cdn.com/content/v1/5b68a4e4a2772c2a206180a1/1542384785989-8F97DVDFT7TLTUAE7473/humancurrent.png?format=750w,1542384785989-8F97DVDFT7TLTUAE7473_humancurrent.png?format=750w
https://images.squarespace-cdn.com/content/v1/5b68a4e4a2772c2a206180a1/1542384827692-VV61I9Z99Z3YVA0V2Z7T/sciencefriday.png?format=750w,1542384827692-VV61I9Z99Z3YVA0V2Z7T_sciencefriday.png?format=750w
https://images.squarespace-cdn.com/content/v1/5b68a4e4a2772c2a206180a1/1542384878949-MLYKS3YCPPV534PG489V/humancurrent.png?format=750w,1542384878949-MLYKS3YCPPV534PG489V_humancurrent.png?format=750w
https://images.squarespace-cdn.com/content/v1/5b68a4e4a2772c2a206180a1/1542384931939-7EOP54IRE8N7EUGOWIG0/humancurrent.png?format=750w,1542384931939-7EOP54IRE8N7EUGOWIG0_humancurrent.png?format=750w
https://images.squarespace-cdn.com/content/v1/5b68a4e4a2772c2a206180a1/1542384999117-XY6HNSJVJ9ERQGK17DVN/wlrn.png?format=750w,1542384999117-XY6HNSJVJ9ERQGK17DVN_wlrn.png?format=750w
https://images.squarespace-cdn.com/content/v1/5b68a4e4a2772c2a206180a1/1542385143593-GPVZ9DM5RUIVGXBE35IB/whowhatwhy.png?format=750w,1542385143593-GPVZ9DM5RUIVGXBE35IB_whowhatwhy.png?format=750w
https://images.squarespace-cdn.com/content/v1/5b68a4e4a2772c2a206180a1/1542385190050-HQNN9LIYNXU1J8UKH4G0/numbersandnarrative.png?format=750w,1542385190050-HQNN9LIYNXU1J8UKH4G0_numbersandnarrative.png?format=750w
https://images.squarespace-cdn.com/content/v1/5b68a4e4a2772c2a206180a1/1542385250320-0K7D5JWJVZ6ZB5VNN6L7/fivethirtyeight.png?format=750w,1542385250320-0K7D5JWJVZ6ZB5VNN6L7_fivethirtyeight.png?format=750w
https://images.squarespace-cdn.com/content/v1/5b68a4e4a2772c2a206180a1/1542385315865-351EADWS5Z9KS2ARSHO0/bbcradio.png?format=750w,1542385315865-351EADWS5Z9KS2ARSHO0_bbcradio.png?format=750w
https://images.squarespace-cdn.com/content/v1/5b68a4e4a2772c2a206180a1/1542385408824-8079IZV4D9ZIPSE8SRYZ/npr.jpg?format=750w,1542385408824-8079IZV4D9ZIPSE8SRYZ_npr.jpg?format=750w
https://images.squarespace-cdn.com/content/v1/5b68a4e4a2772c2a206180a1/1542385480219-VC2VURMPCH9AQ66GRPEN/phil-valentine.gif?format=750w,1542385480219-VC2VURMPCH9AQ66GRPEN_phil-valentine.gif?format=750w
https://images.squarespace-cdn.com/content/v1/5b68a4e4a2772c2a206180a1/1542385538837-86E3XZE1DXATK6LNVOAO/npr.jpg?format=750w,1542385538837-86E3XZE1DXATK6LNVOAO_npr.jpg?format=750w
https://images.squarespace-cdn.com/content/v1/5b68a4e4a2772c2a206180a1/1542385599846-ISPLVLL9IYZI8TFTMGYR/pri.png?format=750w,1542385599846-ISPLVLL9IYZI8TFTMGYR_pri.png?format=750w
https://images.squarespace-cdn.com/content/v1/5b68a4e4a2772c2a206180a1/1542385662834-T90FA7X1BRNE7KXZ04ZF/thetakeaway.png?format=750w,1542385662834-T90FA7X1BRNE7KXZ04ZF_thetakeaway.png?format=750w
https://images.squarespace-cdn.com/content/v1/5b68a4e4a2772c2a206180a1/1542385726106-H1O5SJQCWAXPZAL2DHH5/science.png?format=750w,1542385726106-H1O5SJQCWAXPZAL2DHH5_science.png?format=750w
https://images.squarespace-cdn.com/content/v1/5b68a4e4a2772c2a206180a1/1543607881473-IPHDQMV01LN5EJS3I9IB/blue3.png,1543607881473-IPHDQMV01LN5EJS3I9IB_blue3.png
https://images.squarespace-cdn.com/content/v1/5b68a4e4a2772c2a206180a1/1541606031485-0M6G6WPMT8SRMHCF95J8/image-asset.jpeg,1541606031485-0M6G6WPMT8SRMHCF95J8_image-asset.jpeg
https://images.squarespace-cdn.com/content/v1/5b68a4e4a2772c2a206180a1/1542727495837-VXFOE3I6BFWJCEJZJXRK/engineering.jpg?format=2500w,1542727495837-VXFOE3I6BFWJCEJZJXRK_engineering.jpg?format=2500w
https://images.squarespace-cdn.com/content/v1/5b68a4e4a2772c2a206180a1/1542727718044-URGIWIZUIGELU6JVTPQK/designplanning.jpg,1542727718044-URGIWIZUIGELU6JVTPQK_designplanning.jpg
https://images.squarespace-cdn.com/content/v1/5b68a4e4a2772c2a206180a1/1542727774099-65EPTBHNPNAQYD6PPNW9/government.png,1542727774099-65EPTBHNPNAQYD6PPNW9_government.png
https://images.squarespace-cdn.com/content/v1/5b68a4e4a2772c2a206180a1/1542727824573-4YXGXV1JPJRYA05X6420/networkdynamics.jpg,1542727824573-4YXGXV1JPJRYA05X6420_networkdynamics.jpg
https://images.squarespace-cdn.com/content/v1/5b68a4e4a2772c2a206180a1/1542727861344-WZF853NODNM1D3E0W4QP/robotics.png,1542727861344-WZF853NODNM1D3E0W4QP_robotics.png
https://images.squarespace-cdn.com/content/v1/5b68a4e4a2772c2a206180a1/1542727903837-508VWJ20ULXYXZL9U1YP/computerscience.jpg,1542727903837-508VWJ20ULXYXZL9U1YP_computerscience.jpg
https://images.squarespace-cdn.com/content/v1/5b68a4e4a2772c2a206180a1/1543354915149-U1ZSZT2TEJGFG152J00P/starmoviesmobilebanner.jpg,1543354915149-U1ZSZT2TEJGFG152J00P_starmoviesmobilebanner.jpg
https://images.squarespace-cdn.com/content/v1/5b68a4e4a2772c2a206180a1/1543355063955-QZR5ALTUF0EM4JDKAEEZ/wired.png,1543355063955-QZR5ALTUF0EM4JDKAEEZ_wired.png
https://images.squarespace-cdn.com/content/v1/5b68a4e4a2772c2a206180a1/1543355125902-5IGMKBBSALHXW06IYVG7/geek.jpg,1543355125902-5IGMKBBSALHXW06IYVG7_geek.jpg
https://images.squarespace-cdn.com/content/v1/5b68a4e4a2772c2a206180a1/1543355186227-0LOJVTYVFT91SUPBDEOS/sciencenet.jpg,1543355186227-0LOJVTYVFT91SUPBDEOS_sciencenet.jpg
https://images.squarespace-cdn.com/content/v1/5b68a4e4a2772c2a206180a1/1543355642599-V1SKL5NCTQFGZRHO3TD3/starmoviesmobilelite.png,1543355642599-V1SKL5NCTQFGZRHO3TD3_starmoviesmobilelite.png
https://images.squarespace-cdn.com/content/v1/5b68a4e4a2772c2a206180a1/1543355656189-M85I9E3KDE1BZM7ZY4J3/starmoviesmobile.png,1543355656189-M85I9E3KDE1BZM7ZY4J3_starmoviesmobile.png
https://images.squarespace-cdn.com/content/v1/5b68a4e4a2772c2a206180a1/1543355467919-BP2EWR2SQT8GZGW3S9N7/starmovieslogo2.png,1543355467919-BP2EWR2SQT8GZGW3S9N7_starmovieslogo2.png
https://images.squarespace-cdn.com/content/v1/5b68a4e4a2772c2a206180a1/1543355530981-QQZXXGPSSRV6YYCFISX1/starmovieslogo2.png,1543355530981-QQZXXGPSSRV6YYCFISX1_starmovieslogo2.png
https://images.squarespace-cdn.com/content/v1/5b68a4e4a2772c2a206180a1/1596721200787-7BQW9A2CCRR27KNHH69J/DP_paper_flowchart2.png,1596721200787-7BQW9A2CCRR27KNHH69J_DP_paper_flowchart2.png
https://images.squarespace-cdn.com/content/v1/5b68a4e4a2772c2a206180a1/1596721458580-KHO0S41NJ2RF9F3E2SKK/DiamondPrincessIFR-2.jpg,1596721458580-KHO0S41NJ2RF9F3E2SKK_DiamondPrincessIFR-2.jpg
https://images.squarespace-cdn.com/content/v1/5b68a4e4a2772c2a206180a1/1596722379098-1NJZG3K75Y2RYBQHJP5E/DP_paper_flowchart1.png,1596722379098-1NJZG3K75Y2RYBQHJP5E_DP_paper_flowchart1.png
https://images.squarespace-cdn.com/content/v1/5b68a4e4a2772c2a206180a1/1596722483619-IYON423N8W5L1W50EGH4/China_CFR.png,1596722483619-IYON423N8W5L1W50EGH4_China_CFR.png
https://images.squarespace-cdn.com/content/v1/5b68a4e4a2772c2a206180a1/1542299598264-QHN1ZF6TOFKPZ9G85XN6/schelling1.jpg,1542299598264-QHN1ZF6TOFKPZ9G85XN6_schelling1.jpg
https://images.squarespace-cdn.com/content/v1/5b68a4e4a2772c2a206180a1/1551201443122-Z02SFLVTLU34553KOFI1/blue3.png,1551201443122-Z02SFLVTLU34553KOFI1_blue3.png
https://images.squarespace-cdn.com/content/v1/5b68a4e4a2772c2a206180a1/1542656308870-D6MZZ78EFTF72MAJK04F/econcrises.jpg?format=2500w,1542656308870-D6MZZ78EFTF72MAJK04F_econcrises.jpg?format=2500w
https://images.squarespace-cdn.com/content/v1/5b68a4e4a2772c2a206180a1/1542656474072-L7VH7MTHEOHEJBIFFOIY/motherboard.png,1542656474072-L7VH7MTHEOHEJBIFFOIY_motherboard.png
https://images.squarespace-cdn.com/content/v1/5b68a4e4a2772c2a206180a1/1542656520367-I8BSISKMD4LHA0L9VUHQ/humancurrent.png,1542656520367-I8BSISKMD4LHA0L9VUHQ_humancurrent.png
https://images.squarespace-cdn.com/content/v1/5b68a4e4a2772c2a206180a1/1542656559890-K01JNR5CNAOMPGKBWE8W/image-asset.png,1542656559890-K01JNR5CNAOMPGKBWE8W_image-asset.png
https://images.squarespace-cdn.com/content/v1/5b68a4e4a2772c2a206180a1/1542656646884-IWD4N18EMJ77I6Z11LMF/futurism.png,1542656646884-IWD4N18EMJ77I6Z11LMF_futurism.png
https://images.squarespace-cdn.com/content/v1/5b68a4e4a2772c2a206180a1/1542656740251-IRGIPPPIJLIQUMFKBEMU/eleconomista.jpg,1542656740251-IRGIPPPIJLIQUMFKBEMU_eleconomista.jpg
https://images.squarespace-cdn.com/content/v1/5b68a4e4a2772c2a206180a1/1542656776706-AEBV63HM4TUJVXHF1BJZ/comdig.png,1542656776706-AEBV63HM4TUJVXHF1BJZ_comdig.png
https://images.squarespace-cdn.com/content/v1/5b68a4e4a2772c2a206180a1/1542656816308-KNDIPWDR489PI09CODRQ/physorg1.png,1542656816308-KNDIPWDR489PI09CODRQ_physorg1.png
https://images.squarespace-cdn.com/content/v1/5b68a4e4a2772c2a206180a1/1542298758712-XIUCSL9FX0D9N24SOZ0B/pentland.jpg,1542298758712-XIUCSL9FX0D9N24SOZ0B_pentland.jpg
https://images.squarespace-cdn.com/content/v1/5b68a4e4a2772c2a206180a1/1546033591597-P2YDB3W3RMSJY7MVANX9/image-asset.jpeg,1546033591597-P2YDB3W3RMSJY7MVANX9_image-asset.jpeg
https://images.squarespace-cdn.com/content/v1/5b68a4e4a2772c2a206180a1/1546033641709-XR4VAG469FDBNEDZ6E3L/image-asset.jpeg,1546033641709-XR4VAG469FDBNEDZ6E3L_image-asset.jpeg
https://images.squarespace-cdn.com/content/v1/5b68a4e4a2772c2a206180a1/1546033615008-UK5VEO4TA6H7L9QB5DFQ/image-asset.jpeg,1546033615008-UK5VEO4TA6H7L9QB5DFQ_image-asset.jpeg
https://images.squarespace-cdn.com/content/v1/5b68a4e4a2772c2a206180a1/1546033765094-EF0MKRQ9LLA2TFBNQ4L2/image-asset.jpeg,1546033765094-EF0MKRQ9LLA2TFBNQ4L2_image-asset.jpeg
https://images.squarespace-cdn.com/content/v1/5b68a4e4a2772c2a206180a1/1546033900430-XO8NUP6VSTGKNZ9VCGVD/rabbit.jpg,1546033900430-XO8NUP6VSTGKNZ9VCGVD_rabbit.jpg
https://images.squarespace-cdn.com/content/v1/5b68a4e4a2772c2a206180a1/1546033929724-2KKW4QHW59GLMU1ZTW26/image-asset.jpeg,1546033929724-2KKW4QHW59GLMU1ZTW26_image-asset.jpeg
https://images.squarespace-cdn.com/content/v1/5b68a4e4a2772c2a206180a1/1542298040799-3OOT5BUH39DMABRQ1Q4O/kardar2.gif,1542298040799-3OOT5BUH39DMABRQ1Q4O_kardar2.gif
https://images.squarespace-cdn.com/content/v1/5b68a4e4a2772c2a206180a1/1544039076872-G0UP8IHA3UL4NMXGIJL3/motherboard.png,1544039076872-G0UP8IHA3UL4NMXGIJL3_motherboard.png
https://images.squarespace-cdn.com/content/v1/5b68a4e4a2772c2a206180a1/1544039111455-P18Z77KKZY6CDDXT7RGY/galileo.png,1544039111455-P18Z77KKZY6CDDXT7RGY_galileo.png
https://images.squarespace-cdn.com/content/v1/5b68a4e4a2772c2a206180a1/1544038776250-VYP8FJPOBHHI07V0M5IP/blue3.png,1544038776250-VYP8FJPOBHHI07V0M5IP_blue3.png
https://images.squarespace-cdn.com/content/v1/5b68a4e4a2772c2a206180a1/1544038988945-V25C0Y2HJ7YCGMGQZMGY/image-asset.png,1544038988945-V25C0Y2HJ7YCGMGQZMGY_image-asset.png
https://images.squarespace-cdn.com/content/v1/5b68a4e4a2772c2a206180a1/1544039014003-A1LBXD4OI11RUUET0ICB/mort3a.png,1544039014003-A1LBXD4OI11RUUET0ICB_mort3a.png
https://images.squarespace-cdn.com/content/v1/5b68a4e4a2772c2a206180a1/1544039036742-OT98OS1V2BG7FBED95CY/image-asset.png,1544039036742-OT98OS1V2BG7FBED95CY_image-asset.png
https://images.squarespace-cdn.com/content/v1/5b68a4e4a2772c2a206180a1/1544210244251-DLWF5KDVX6A29UXTIBIN/image-asset.png,1544210244251-DLWF5KDVX6A29UXTIBIN_image-asset.png
https://images.squarespace-cdn.com/content/v1/5b68a4e4a2772c2a206180a1/1544210279572-PRYMRBSY8CYHHZBY66W3/whowhatwhy.png,1544210279572-PRYMRBSY8CYHHZBY66W3_whowhatwhy.png
https://images.squarespace-cdn.com/content/v1/5b68a4e4a2772c2a206180a1/1544210306763-NEP5PT2MHG2XJKFCF0OP/4closurefraud.png,1544210306763-NEP5PT2MHG2XJKFCF0OP_4closurefraud.png
https://images.squarespace-cdn.com/content/v1/5b68a4e4a2772c2a206180a1/1544210338515-R108BJDI76S5MRMCNZ3G/democraticunderground.png,1544210338515-R108BJDI76S5MRMCNZ3G_democraticunderground.png
https://images.squarespace-cdn.com/content/v1/5b68a4e4a2772c2a206180a1/1544210361171-FNXS84XBQGGSDJZZSUEA/thepatriotswar.png,1544210361171-FNXS84XBQGGSDJZZSUEA_thepatriotswar.png
https://images.squarespace-cdn.com/content/v1/5b68a4e4a2772c2a206180a1/1544210388976-E9G7N232Q1O41TNN9173/economyincrisis.png,1544210388976-E9G7N232Q1O41TNN9173_economyincrisis.png
https://images.squarespace-cdn.com/content/v1/5b68a4e4a2772c2a206180a1/1544210410842-YMDBBLDMIRZTDND05LNO/opednews.png,1544210410842-YMDBBLDMIRZTDND05LNO_opednews.png
https://images.squarespace-cdn.com/content/v1/5b68a4e4a2772c2a206180a1/1544210431424-4SO8GCYZB0V5MQ29XBF7/scoopitnz.png,1544210431424-4SO8GCYZB0V5MQ29XBF7_scoopitnz.png
https://images.squarespace-cdn.com/content/v1/5b68a4e4a2772c2a206180a1/1544210464677-HSOUD1FS9Y377BBBLVWK/mymarketingfile.png,1544210464677-HSOUD1FS9Y377BBBLVWK_mymarketingfile.png
https://images.squarespace-cdn.com/content/v1/5b68a4e4a2772c2a206180a1/1544210491942-MCXSJDTHDZ7H6IAKQMQC/image-asset.png,1544210491942-MCXSJDTHDZ7H6IAKQMQC_image-asset.png
https://images.squarespace-cdn.com/content/v1/5b68a4e4a2772c2a206180a1/1544210511396-WUQW5YRMYFMNPBWUITWT/forbearrance.png,1544210511396-WUQW5YRMYFMNPBWUITWT_forbearrance.png
https://images.squarespace-cdn.com/content/v1/5b68a4e4a2772c2a206180a1/1544210537445-EBMZESQ4BTNXGNUP2633/supportOWS.png,1544210537445-EBMZESQ4BTNXGNUP2633_supportOWS.png
https://images.squarespace-cdn.com/content/v1/5b68a4e4a2772c2a206180a1/1542231168454-8PSLXFV71PVE8U66OYD6/cares.jpg,1542231168454-8PSLXFV71PVE8U66OYD6_cares.jpg
https://images.squarespace-cdn.com/content/v1/5b68a4e4a2772c2a206180a1/1544037850625-1OF5RUWRUNB6CY5NZM92/image-asset.png,1544037850625-1OF5RUWRUNB6CY5NZM92_image-asset.png
https://images.squarespace-cdn.com/content/v1/5b68a4e4a2772c2a206180a1/1544037893347-05NUG2RFOXS41CM71KB5/blue3.png,1544037893347-05NUG2RFOXS41CM71KB5_blue3.png
https://images.squarespace-cdn.com/content/v1/5b68a4e4a2772c2a206180a1/1585145807625-0TF0ZKCL8J6PQ40Q1UCK/blue3.png,1585145807625-0TF0ZKCL8J6PQ40Q1UCK_blue3.png
https://images.squarespace-cdn.com/content/v1/5b68a4e4a2772c2a206180a1/1585143759966-462I9NX7M9H0YJIJYXHE/Fig1.jpg,1585143759966-462I9NX7M9H0YJIJYXHE_Fig1.jpg
https://images.squarespace-cdn.com/content/v1/5b68a4e4a2772c2a206180a1/1556807513360-D0D7IWJM7O7S7TJSLSCP/ajrccm-conference.png,1556807513360-D0D7IWJM7O7S7TJSLSCP_ajrccm-conference.png
https://images.squarespace-cdn.com/content/v1/5b68a4e4a2772c2a206180a1/1544130104743-VFO2CB6E6V55W9357MIK/sciencenews.png,1544130104743-VFO2CB6E6V55W9357MIK_sciencenews.png
https://images.squarespace-cdn.com/content/v1/5b68a4e4a2772c2a206180a1/1542823676685-OQ5OWUCVTRUBDA3MD6XB/oneday.gif,1542823676685-OQ5OWUCVTRUBDA3MD6XB_oneday.gif
https://images.squarespace-cdn.com/content/v1/5b68a4e4a2772c2a206180a1/1542823865090-PERZJWM737UU4HJYE28U/physorg1.png,1542823865090-PERZJWM737UU4HJYE28U_physorg1.png
https://images.squarespace-cdn.com/content/v1/5b68a4e4a2772c2a206180a1/1542823919541-4K84T7RDU1V5VICH4BYC/guncelbilim.png,1542823919541-4K84T7RDU1V5VICH4BYC_guncelbilim.png
https://images.squarespace-cdn.com/content/v1/5b68a4e4a2772c2a206180a1/1542823987602-JD6ACBRSWBCLCG63NZQT/trascienzaecoscienza.png,1542823987602-JD6ACBRSWBCLCG63NZQT_trascienzaecoscienza.png
https://images.squarespace-cdn.com/content/v1/5b68a4e4a2772c2a206180a1/1542824057075-SU5NJ6769RJU7PLOG3O0/libertaddigital.png,1542824057075-SU5NJ6769RJU7PLOG3O0_libertaddigital.png
https://images.squarespace-cdn.com/content/v1/5b68a4e4a2772c2a206180a1/1542824146133-9ULB7F6BPRLLUA9X9FP7/europapress.png,1542824146133-9ULB7F6BPRLLUA9X9FP7_europapress.png
https://images.squarespace-cdn.com/content/v1/5b68a4e4a2772c2a206180a1/1542824206696-4ZOUXFKC5PKZC86WAHC6/canarias7.png,1542824206696-4ZOUXFKC5PKZC86WAHC6_canarias7.png
https://images.squarespace-cdn.com/content/v1/5b68a4e4a2772c2a206180a1/1542824253298-VJEUINDXJV9F6V435Q84/naukawpolsce.png,1542824253298-VJEUINDXJV9F6V435Q84_naukawpolsce.png
https://images.squarespace-cdn.com/content/v1/5b68a4e4a2772c2a206180a1/1542824304027-ZJ5TW7DLZBTJP05LIL9I/researchbuzz.png,1542824304027-ZJ5TW7DLZBTJP05LIL9I_researchbuzz.png
https://images.squarespace-cdn.com/content/v1/5b68a4e4a2772c2a206180a1/1542824362559-VZ9V42S15727HHMK3FS7/polsatnews.png,1542824362559-VZ9V42S15727HHMK3FS7_polsatnews.png
https://images.squarespace-cdn.com/content/v1/5b68a4e4a2772c2a206180a1/1542824408641-SF0L6C9FARS0AODBFAGC/lavanguardia.png,1542824408641-SF0L6C9FARS0AODBFAGC_lavanguardia.png
https://images.squarespace-cdn.com/content/v1/5b68a4e4a2772c2a206180a1/1542824479786-Z59Y3XCUDGPQHWZHNGA1/manwithoutqualities.png,1542824479786-Z59Y3XCUDGPQHWZHNGA1_manwithoutqualities.png
https://images.squarespace-cdn.com/content/v1/5b68a4e4a2772c2a206180a1/1542824522866-MUSHP5PVE4LOTUUMTSZY/eedesignit.png,1542824522866-MUSHP5PVE4LOTUUMTSZY_eedesignit.png
https://images.squarespace-cdn.com/content/v1/5b68a4e4a2772c2a206180a1/1542824685589-R1OJXVROEP2Y59MUGBI7/image-asset.png,1542824685589-R1OJXVROEP2Y59MUGBI7_image-asset.png
https://images.squarespace-cdn.com/content/v1/5b68a4e4a2772c2a206180a1/1542824716598-P4E0E1NTUB1WNPJHUQCN/AvgWeekEvolution.png,1542824716598-P4E0E1NTUB1WNPJHUQCN_AvgWeekEvolution.png
https://images.squarespace-cdn.com/content/v1/5b68a4e4a2772c2a206180a1/1542824743315-58YUF04H73LYO1YQ5SSA/city-dynamics.png,1542824743315-58YUF04H73LYO1YQ5SSA_city-dynamics.png
https://images.squarespace-cdn.com/content/v1/5b68a4e4a2772c2a206180a1/1542231331298-QQZCPSAC9Z7ZI80IGL6H/esposito.png,1542231331298-QQZCPSAC9Z7ZI80IGL6H_esposito.png
https://images.squarespace-cdn.com/content/v1/5b68a4e4a2772c2a206180a1/1542649045908-QE74LQ5ARFP23HBEEQ7K/old-woman-574278.jpg?format=2500w,1542649045908-QE74LQ5ARFP23HBEEQ7K_old-woman-574278.jpg?format=2500w
https://images.squarespace-cdn.com/content/v1/5b68a4e4a2772c2a206180a1/1542728607822-0O01EDD9DJ6QRLO6WNAS/blue-background2.png?format=2500w,1542728607822-0O01EDD9DJ6QRLO6WNAS_blue-background2.png?format=2500w
https://images.squarespace-cdn.com/content/v1/5b68a4e4a2772c2a206180a1/1550775759816-I119KLPW5TKCHTAL6YK3/blue2.png?format=2500w,1550775759816-I119KLPW5TKCHTAL6YK3_blue2.png?format=2500w
https://images.squarespace-cdn.com/content/v1/5b68a4e4a2772c2a206180a1/1540322271328-HJRL348J7UBBO2EO59KE/research-banner.png,1540322271328-HJRL348J7UBBO2EO59KE_research-banner.png
https://images.squarespace-cdn.com/content/v1/5b68a4e4a2772c2a206180a1/1547578108601-9K60ZDYTHBQ2XSDGBKWX/overview1.png,1547578108601-9K60ZDYTHBQ2XSDGBKWX_overview1.png
https://images.squarespace-cdn.com/content/v1/5b68a4e4a2772c2a206180a1/1539967875418-G3ARTSLB06019LMD1GJC/teams.png,1539967875418-G3ARTSLB06019LMD1GJC_teams.png
https://images.squarespace-cdn.com/content/v1/5b68a4e4a2772c2a206180a1/1539968104323-PNFG7WE16IUPVB8MQBO9/image-asset.png,1539968104323-PNFG7WE16IUPVB8MQBO9_image-asset.png
https://images.squarespace-cdn.com/content/v1/5b68a4e4a2772c2a206180a1/1539968185580-TKFSYJ6M7GUSV2N0N0U4/lifespans.png,1539968185580-TKFSYJ6M7GUSV2N0N0U4_lifespans.png
https://images.squarespace-cdn.com/content/v1/5b68a4e4a2772c2a206180a1/1539968250856-LA8K37CREQ4782T3BD3F/pandemics.png,1539968250856-LA8K37CREQ4782T3BD3F_pandemics.png
https://images.squarespace-cdn.com/content/v1/5b68a4e4a2772c2a206180a1/1539968292666-PB4J3IYJLLVR6G7FWP7D/petare.png,1539968292666-PB4J3IYJLLVR6G7FWP7D_petare.png
https://images.squarespace-cdn.com/content/v1/5b68a4e4a2772c2a206180a1/1539968324952-MTEWWQ8FJIH5JDJK6BMI/image-asset.png,1539968324952-MTEWWQ8FJIH5JDJK6BMI_image-asset.png
https://images.squarespace-cdn.com/content/v1/5b68a4e4a2772c2a206180a1/1539972133687-XB5I8FKONS1960BI3HD8/precautionary.png,1539972133687-XB5I8FKONS1960BI3HD8_precautionary.png
https://images.squarespace-cdn.com/content/v1/5b68a4e4a2772c2a206180a1/1539972169863-2VG4ABQVXVB9P0MSJB7L/image-asset.png,1539972169863-2VG4ABQVXVB9P0MSJB7L_image-asset.png
https://images.squarespace-cdn.com/content/v1/5b68a4e4a2772c2a206180a1/1539972206726-0Y7L1OPOZSGOBYEB55NN/violence.png,1539972206726-0Y7L1OPOZSGOBYEB55NN_violence.png
https://images.squarespace-cdn.com/content/v1/5b68a4e4a2772c2a206180a1/1539972242658-13K7SYJ2DNSI8GSAWPO4/image-asset.png,1539972242658-13K7SYJ2DNSI8GSAWPO4_image-asset.png
https://images.squarespace-cdn.com/content/v1/5b68a4e4a2772c2a206180a1/1539972379382-LXGKN580PXUOVZ1MI6AR/foodcrisis.png,1539972379382-LXGKN580PXUOVZ1MI6AR_foodcrisis.png
https://images.squarespace-cdn.com/content/v1/5b68a4e4a2772c2a206180a1/1539972421051-ENZ4PRXC8S7LQERSLM4R/social1.png,1539972421051-ENZ4PRXC8S7LQERSLM4R_social1.png
https://images.squarespace-cdn.com/content/v1/5b68a4e4a2772c2a206180a1/1539972450825-FPO8VB92IPQ8ZPMV9QE4/economics1.png,1539972450825-FPO8VB92IPQ8ZPMV9QE4_economics1.png
https://images.squarespace-cdn.com/content/v1/5b68a4e4a2772c2a206180a1/1539972480601-I4JGPL0O0YWQALG0IMRM/econdynamics.png,1539972480601-I4JGPL0O0YWQALG0IMRM_econdynamics.png
https://images.squarespace-cdn.com/content/v1/5b68a4e4a2772c2a206180a1/1539972520929-9TOC2GWCQ9X8Z0SABBZN/multiscale1.png,1539972520929-9TOC2GWCQ9X8Z0SABBZN_multiscale1.png
https://images.squarespace-cdn.com/content/v1/5b68a4e4a2772c2a206180a1/1539972547479-D7YADRIW51F0ZB43NVOC/networks1.png,1539972547479-D7YADRIW51F0ZB43NVOC_networks1.png
https://images.squarespace-cdn.com/content/v1/5b68a4e4a2772c2a206180a1/1539972586464-T002QN2SO4ZE6H1GZWIM/evolution1.png,1539972586464-T002QN2SO4ZE6H1GZWIM_evolution1.png
https://images.squarespace-cdn.com/content/v1/5b68a4e4a2772c2a206180a1/1558623432135-V5T6TNUME4APZFWZR6OI/biodiversity.png,1558623432135-V5T6TNUME4APZFWZR6OI_biodiversity.png
https://images.squarespace-cdn.com/content/v1/5b68a4e4a2772c2a206180a1/1574793864877-69O5K28H3B7T481DYATR/kinselection.png,1574793864877-69O5K28H3B7T481DYATR_kinselection.png
https://images.squarespace-cdn.com/content/v1/5b68a4e4a2772c2a206180a1/1539972617344-0BPW59Q5ASAXJZOZY1LQ/healthcare1.png,1539972617344-0BPW59Q5ASAXJZOZY1LQ_healthcare1.png
https://images.squarespace-cdn.com/content/v1/5b68a4e4a2772c2a206180a1/1539972806561-PLHMJWVZTAEW7P4K1YJH/image-asset.png,1539972806561-PLHMJWVZTAEW7P4K1YJH_image-asset.png
https://images.squarespace-cdn.com/content/v1/5b68a4e4a2772c2a206180a1/1539972837766-Y51796ISO9SODFT16GB5/image-asset.png,1539972837766-Y51796ISO9SODFT16GB5_image-asset.png
https://images.squarespace-cdn.com/content/v1/5b68a4e4a2772c2a206180a1/1539972873901-HBLSL6V45TCK9WOMRDW2/image-asset.png,1539972873901-HBLSL6V45TCK9WOMRDW2_image-asset.png
https://images.squarespace-cdn.com/content/v1/5b68a4e4a2772c2a206180a1/1539972900454-3213FCROROVEAO2I3TT6/negotiation1.png,1539972900454-3213FCROROVEAO2I3TT6_negotiation1.png
https://images.squarespace-cdn.com/content/v1/5b68a4e4a2772c2a206180a1/1539972934183-PL12LSYYPJUAX47IVSGC/logic.png,1539972934183-PL12LSYYPJUAX47IVSGC_logic.png
https://images.squarespace-cdn.com/content/v1/5b68a4e4a2772c2a206180a1/1544122541542-VFM8YJNB3VC6GWQ302YD/education1.png,1544122541542-VFM8YJNB3VC6GWQ302YD_education1.png
https://images.squarespace-cdn.com/content/v1/5b68a4e4a2772c2a206180a1/1580221338887-ZP7566ZA5XHVTMQ6H864/coronavirus-tile.png,1580221338887-ZP7566ZA5XHVTMQ6H864_coronavirus-tile.png
https://images.squarespace-cdn.com/content/v1/5b68a4e4a2772c2a206180a1/1579790958132-2M3ACR7O3WKCBVOIGA94/salt-tile.png,1579790958132-2M3ACR7O3WKCBVOIGA94_salt-tile.png
https://images.squarespace-cdn.com/content/v1/5b68a4e4a2772c2a206180a1/1578931842589-0VOEPUE8TKGQU9DKC2R0/voting2.png,1578931842589-0VOEPUE8TKGQU9DKC2R0_voting2.png
https://images.squarespace-cdn.com/content/v1/5b68a4e4a2772c2a206180a1/1578426978959-22FCIW8GS1YVWU32JTCI/complexsystems-tile.png,1578426978959-22FCIW8GS1YVWU32JTCI_complexsystems-tile.png
https://images.squarespace-cdn.com/content/v1/5b68a4e4a2772c2a206180a1/1571937181920-5ZG1553AJK8DWD6W9HAO/tile-urban-segragation.png,1571937181920-5ZG1553AJK8DWD6W9HAO_tile-urban-segragation.png
https://images.squarespace-cdn.com/content/v1/5b68a4e4a2772c2a206180a1/1571150538898-F9FS29E5K7VFRMETIMTL/fragmentation-tile.png,1571150538898-F9FS29E5K7VFRMETIMTL_fragmentation-tile.png
https://images.squarespace-cdn.com/content/v1/5b68a4e4a2772c2a206180a1/1563217017581-5T58LR6DWE6DA92TXW9L/balanceeconomy.png,1563217017581-5T58LR6DWE6DA92TXW9L_balanceeconomy.png
https://images.squarespace-cdn.com/content/v1/5b68a4e4a2772c2a206180a1/1546455873200-K8HY5JDSLLC3NGQ4718P/groupbehavior.png,1546455873200-K8HY5JDSLLC3NGQ4718P_groupbehavior.png
https://images.squarespace-cdn.com/content/v1/5b68a4e4a2772c2a206180a1/1547578556862-GJMC633USRSD3W42569I/disorderedsystems.png,1547578556862-GJMC633USRSD3W42569I_disorderedsystems.png
https://images.squarespace-cdn.com/content/v1/5b68a4e4a2772c2a206180a1/1559147642669-XG6LWENK7FU4GVQHVYMB/leadership.png,1559147642669-XG6LWENK7FU4GVQHVYMB_leadership.png
https://images.squarespace-cdn.com/content/v1/5b68a4e4a2772c2a206180a1/1539972997987-VP6QLM7UZT8UR4BL7UA4/circularflows.png,1539972997987-VP6QLM7UZT8UR4BL7UA4_circularflows.png
https://images.squarespace-cdn.com/content/v1/5b68a4e4a2772c2a206180a1/1539973026631-6PAVXPCGHSK0O6CDYWD4/image-asset.png,1539973026631-6PAVXPCGHSK0O6CDYWD4_image-asset.png
https://images.squarespace-cdn.com/content/v1/5b68a4e4a2772c2a206180a1/1539973073412-E5ISAP2GRSYP9LE1BNR1/sparsedisorder.png,1539973073412-E5ISAP2GRSYP9LE1BNR1_sparsedisorder.png
https://images.squarespace-cdn.com/content/v1/5b68a4e4a2772c2a206180a1/1539973095850-YIPDNCWPEK0UVKKC6NHX/DRC2018.png,1539973095850-YIPDNCWPEK0UVKKC6NHX_DRC2018.png
https://images.squarespace-cdn.com/content/v1/5b68a4e4a2772c2a206180a1/1539973121918-0JS6SONDKF7827VPT79E/scienceofscience.png,1539973121918-0JS6SONDKF7827VPT79E_scienceofscience.png
https://images.squarespace-cdn.com/content/v1/5b68a4e4a2772c2a206180a1/1539973147648-XP5GOH1RXFM1PW6D6TZI/possibilities.png,1539973147648-XP5GOH1RXFM1PW6D6TZI_possibilities.png
https://images.squarespace-cdn.com/content/v1/5b68a4e4a2772c2a206180a1/1539973172838-6LW7CWV1R27TK0BMYVLI/woodvscoal.png,1539973172838-6LW7CWV1R27TK0BMYVLI_woodvscoal.png
https://images.squarespace-cdn.com/content/v1/5b68a4e4a2772c2a206180a1/1539973191295-3OH8QGV6BWSTGHZMAXTH/econunivers.png,1539973191295-3OH8QGV6BWSTGHZMAXTH_econunivers.png
https://images.squarespace-cdn.com/content/v1/5b68a4e4a2772c2a206180a1/1539973311863-Z0Z228BC2AX9HIRH6AHV/personality.png,1539973311863-Z0Z228BC2AX9HIRH6AHV_personality.png
https://images.squarespace-cdn.com/content/v1/5b68a4e4a2772c2a206180a1/1539973343409-WTAJ8YDRIS5TGD4HGGGD/solvingEV.png,1539973343409-WTAJ8YDRIS5TGD4HGGGD_solvingEV.png
https://images.squarespace-cdn.com/content/v1/5b68a4e4a2772c2a206180a1/1539973367662-1UAHPIBK8R4MZRXWC5US/image-asset.png,1539973367662-1UAHPIBK8R4MZRXWC5US_image-asset.png
https://images.squarespace-cdn.com/content/v1/5b68a4e4a2772c2a206180a1/1539973390834-BO7C3M7ZEKIHM2UP73TQ/whycomplexity.png,1539973390834-BO7C3M7ZEKIHM2UP73TQ_whycomplexity.png
https://images.squarespace-cdn.com/content/v1/5b68a4e4a2772c2a206180a1/1539973411285-7S1R9QU5RCXMZUTN59GY/globalsync.png,1539973411285-7S1R9QU5RCXMZUTN59GY_globalsync.png
https://images.squarespace-cdn.com/content/v1/5b68a4e4a2772c2a206180a1/1539973436520-6MFY205WBAVRDDH6UKXJ/pyriproxyfen.png,1539973436520-6MFY205WBAVRDDH6UKXJ_pyriproxyfen.png
https://images.squarespace-cdn.com/content/v1/5b68a4e4a2772c2a206180a1/1539973456212-WFN7Z6Y66LZOSZV3W00X/image-asset.png,1539973456212-WFN7Z6Y66LZOSZV3W00X_image-asset.png
https://images.squarespace-cdn.com/content/v1/5b68a4e4a2772c2a206180a1/1539973522186-01J3EL3GTDR2WBYZWN3D/image-asset.png,1539973522186-01J3EL3GTDR2WBYZWN3D_image-asset.png
https://images.squarespace-cdn.com/content/v1/5b68a4e4a2772c2a206180a1/1539973546009-UG0VGNO7BYH291Q7E1G4/silver.png,1539973546009-UG0VGNO7BYH291Q7E1G4_silver.png
https://images.squarespace-cdn.com/content/v1/5b68a4e4a2772c2a206180a1/1539973566855-U6J8AS66HXR4PS8NNL26/ccs15.png,1539973566855-U6J8AS66HXR4PS8NNL26_ccs15.png
https://images.squarespace-cdn.com/content/v1/5b68a4e4a2772c2a206180a1/1539973589591-3XLL1A8NUW5J7T38EDQG/nypattern.png,1539973589591-3XLL1A8NUW5J7T38EDQG_nypattern.png
https://images.squarespace-cdn.com/content/v1/5b68a4e4a2772c2a206180a1/1539973614602-JXCTAIRCRPV7ULGNXRKL/image-asset.png,1539973614602-JXCTAIRCRPV7ULGNXRKL_image-asset.png
https://images.squarespace-cdn.com/content/v1/5b68a4e4a2772c2a206180a1/1539973637902-XX42UW2COD2XLQLUGJ1I/image-asset.png,1539973637902-XX42UW2COD2XLQLUGJ1I_image-asset.png
https://images.squarespace-cdn.com/content/v1/5b68a4e4a2772c2a206180a1/1539973658219-KSY07R8TI0MQXSS4PURS/foodcrisis.png,1539973658219-KSY07R8TI0MQXSS4PURS_foodcrisis.png
https://images.squarespace-cdn.com/content/v1/5b68a4e4a2772c2a206180a1/1539973695744-FSS2FCLCVSVRINQKO12N/scienceofpeace.png,1539973695744-FSS2FCLCVSVRINQKO12N_scienceofpeace.png
https://images.squarespace-cdn.com/content/v1/5b68a4e4a2772c2a206180a1/1539973717478-EFWN2ZJC9PFF5ERP9EAF/bigdata.png,1539973717478-EFWN2ZJC9PFF5ERP9EAF_bigdata.png
https://images.squarespace-cdn.com/content/v1/5b68a4e4a2772c2a206180a1/1539973745986-U0HXEUY3Z09L92TMW6K0/sandy.png,1539973745986-U0HXEUY3Z09L92TMW6K0_sandy.png
https://images.squarespace-cdn.com/content/v1/5b68a4e4a2772c2a206180a1/1539973768656-AW66UNHC9IR49HBFL5NI/image-asset.png,1539973768656-AW66UNHC9IR49HBFL5NI_image-asset.png
https://images.squarespace-cdn.com/content/v1/5b68a4e4a2772c2a206180a1/1539973795580-HVK2YTZ0HUBZWCTSZL3W/image-asset.png,1539973795580-HVK2YTZ0HUBZWCTSZL3W_image-asset.png
https://images.squarespace-cdn.com/content/v1/5b68a4e4a2772c2a206180a1/1539973827914-35THGL2NK9V2SA5T9C7P/globalcrises.png,1539973827914-35THGL2NK9V2SA5T9C7P_globalcrises.png
https://images.squarespace-cdn.com/content/v1/5b68a4e4a2772c2a206180a1/1539973852682-HJGI9ATREQG275E91L41/healthcare1.png,1539973852682-HJGI9ATREQG275E91L41_healthcare1.png
https://images.squarespace-cdn.com/content/v1/5b68a4e4a2772c2a206180a1/1539973877729-E76LC017MH4ZW8GZS9Y2/neworleans.png,1539973877729-E76LC017MH4ZW8GZS9Y2_neworleans.png
https://images.squarespace-cdn.com/content/v1/5b68a4e4a2772c2a206180a1/1539973899203-7WWNDOYZ379Q9073GQM8/cooperation.png,1539973899203-7WWNDOYZ379Q9073GQM8_cooperation.png
https://images.squarespace-cdn.com/content/v1/5b68a4e4a2772c2a206180a1/1539973916258-2YJ1UVQN0595RJVLTSAS/image-asset.png,1539973916258-2YJ1UVQN0595RJVLTSAS_image-asset.png
https://images.squarespace-cdn.com/content/v1/5b68a4e4a2772c2a206180a1/1539973947889-9V7YGPVYO55V7NRU65I3/mtw.png,1539973947889-9V7YGPVYO55V7NRU65I3_mtw.png
https://images.squarespace-cdn.com/content/v1/5b68a4e4a2772c2a206180a1/1539973976125-ED5HSGWRDG3PR8CNAFAV/searchtosocial1.png,1539973976125-ED5HSGWRDG3PR8CNAFAV_searchtosocial1.png
https://images.squarespace-cdn.com/content/v1/5b68a4e4a2772c2a206180a1/1539973996268-H29MG8S9SZDWHBZ2IUV8/parade6.png,1539973996268-H29MG8S9SZDWHBZ2IUV8_parade6.png
https://images.squarespace-cdn.com/content/v1/5b68a4e4a2772c2a206180a1/1544042255602-NZ26EEYVDM8XGTBPGLCZ/image-asset.png,1544042255602-NZ26EEYVDM8XGTBPGLCZ_image-asset.png
https://images.squarespace-cdn.com/content/v1/5b68a4e4a2772c2a206180a1/1544113974772-1L4HHDB0GOXR9GF4O85J/image-asset.png,1544113974772-1L4HHDB0GOXR9GF4O85J_image-asset.png
https://images.squarespace-cdn.com/content/v1/5b68a4e4a2772c2a206180a1/1565124398302-QVNESIMFWMY41CT8CZUL/blue2.png?format=2500w,1565124398302-QVNESIMFWMY41CT8CZUL_blue2.png?format=2500w
https://images.squarespace-cdn.com/content/v1/5b68a4e4a2772c2a206180a1/1542299987777-NFS2VDAZXVIWAMG2MZMN/stock.jpg,1542299987777-NFS2VDAZXVIWAMG2MZMN_stock.jpg
https://images.squarespace-cdn.com/content/v1/5b68a4e4a2772c2a206180a1/1583759330161-VDW3B8MD5R0M4V8UK470/ColorCodedGrid+%281%29.jpg,1583759330161-VDW3B8MD5R0M4V8UK470_ColorCodedGrid+%281%29.jpg
https://images.squarespace-cdn.com/content/v1/5b68a4e4a2772c2a206180a1/1713453896308-10GZHS43VNIWVKUMSZTO/Untitled+%281366+x+400+px%29+%281%29.png?format=2500w,1713453896308-10GZHS43VNIWVKUMSZTO_Untitled+%281366+x+400+px%29+%281%29.png?format=2500w
https://images.squarespace-cdn.com/content/v1/5b68a4e4a2772c2a206180a1/1544114083619-UTR5OPSSBJ6DJOJUKIM1/image-asset.png,1544114083619-UTR5OPSSBJ6DJOJUKIM1_image-asset.png
https://images.squarespace-cdn.com/content/v1/5b68a4e4a2772c2a206180a1/1542299342630-2HH73RR1EHWDL3RZG14A/schelling.jpg,1542299342630-2HH73RR1EHWDL3RZG14A_schelling.jpg
https://images.squarespace-cdn.com/content/v1/5b68a4e4a2772c2a206180a1/1542296771816-ILL0JBYS1WRVW12VC0PI/cantor.gif,1542296771816-ILL0JBYS1WRVW12VC0PI_cantor.gif
https://images.squarespace-cdn.com/content/v1/5b68a4e4a2772c2a206180a1/1542748807710-WE2SZ26T3YGQDC3Y24CM/ScienceTrends.png,1542748807710-WE2SZ26T3YGQDC3Y24CM_ScienceTrends.png
https://images.squarespace-cdn.com/content/v1/5b68a4e4a2772c2a206180a1/1543592156133-M5G0FT5TAUS2ZPRNAHG1/blue3.png,1543592156133-M5G0FT5TAUS2ZPRNAHG1_blue3.png
https://images.squarespace-cdn.com/content/v1/5b68a4e4a2772c2a206180a1/1542748930451-BQLLX6UGLHME93HEJ1LB/BlockandInclPlane.png,1542748930451-BQLLX6UGLHME93HEJ1LB_BlockandInclPlane.png
https://images.squarespace-cdn.com/content/v1/5b68a4e4a2772c2a206180a1/1549052130437-WEBRI505PIRLKBL32V6S/pill.jpg?format=2500w,1549052130437-WEBRI505PIRLKBL32V6S_pill.jpg?format=2500w
https://images.squarespace-cdn.com/content/v1/5b68a4e4a2772c2a206180a1/1549059645441-7V44PIEN1BGEQ9BYAPLI/blue2.png?format=2500w,1549059645441-7V44PIEN1BGEQ9BYAPLI_blue2.png?format=2500w
https://images.squarespace-cdn.com/content/v1/5b68a4e4a2772c2a206180a1/1549059599991-KRN5LQ4FOD4J94FSV6TS/blue2.png?format=2500w,1549059599991-KRN5LQ4FOD4J94FSV6TS_blue2.png?format=2500w
https://images.squarespace-cdn.com/content/v1/5b68a4e4a2772c2a206180a1/1549059561816-L7AGDGUNVUK9MDR5IEDW/blue2.png?format=2500w,1549059561816-L7AGDGUNVUK9MDR5IEDW_blue2.png?format=2500w
https://images.squarespace-cdn.com/content/v1/5b68a4e4a2772c2a206180a1/1549059495581-3XJXP88F14LWU121FQNR/blue2.png?format=2500w,1549059495581-3XJXP88F14LWU121FQNR_blue2.png?format=2500w
https://images.squarespace-cdn.com/content/v1/5b68a4e4a2772c2a206180a1/1543271165189-RSJON14CMY0XILIGO8OE/healthcare2.png,1543271165189-RSJON14CMY0XILIGO8OE_healthcare2.png
https://images.squarespace-cdn.com/content/v1/5b68a4e4a2772c2a206180a1/1549058523694-SMTJ5WPLDRLMALVMHQ3S/iStock_000010034883Small.jpg,1549058523694-SMTJ5WPLDRLMALVMHQ3S_iStock_000010034883Small.jpg
https://images.squarespace-cdn.com/content/v1/5b68a4e4a2772c2a206180a1/1549058617365-NTNRXKHL12VZB5AISX94/page2image.png,1549058617365-NTNRXKHL12VZB5AISX94_page2image.png
https://images.squarespace-cdn.com/content/v1/5b68a4e4a2772c2a206180a1/1549058676614-VIQC0ALSFIYLA4ZVMVE5/page3image.jpg,1549058676614-VIQC0ALSFIYLA4ZVMVE5_page3image.jpg
https://images.squarespace-cdn.com/content/v1/5b68a4e4a2772c2a206180a1/1549058030051-E36SKPQ2OU6YAF5CF0VM/image-asset.jpeg,1549058030051-E36SKPQ2OU6YAF5CF0VM_image-asset.jpeg
https://images.squarespace-cdn.com/content/v1/5b68a4e4a2772c2a206180a1/1549058073675-1WTBDZUJNC0AMBW48EGZ/huddles.jpg,1549058073675-1WTBDZUJNC0AMBW48EGZ_huddles.jpg
https://images.squarespace-cdn.com/content/v1/5b68a4e4a2772c2a206180a1/1549058131740-EDV1SZ4FEF1ZOOM129YP/improvementgraph-small.jpg,1549058131740-EDV1SZ4FEF1ZOOM129YP_improvementgraph-small.jpg
https://images.squarespace-cdn.com/content/v1/5b68a4e4a2772c2a206180a1/1549058171989-70S960G8R3UXON6QA1GR/trophies-small.jpg,1549058171989-70S960G8R3UXON6QA1GR_trophies-small.jpg
https://images.squarespace-cdn.com/content/v1/5b68a4e4a2772c2a206180a1/1549057016097-PLTOJ7DYFG3FZ64OTN5W/specialtieslarge.gif,1549057016097-PLTOJ7DYFG3FZ64OTN5W_specialtieslarge.gif
https://images.squarespace-cdn.com/content/v1/5b68a4e4a2772c2a206180a1/1549057078645-384A30OMYGKASP43UORQ/routing1.gif,1549057078645-384A30OMYGKASP43UORQ_routing1.gif
https://images.squarespace-cdn.com/content/v1/5b68a4e4a2772c2a206180a1/1549057112638-FPBCEMK0PKU1NOPN3LAI/routing2.gif,1549057112638-FPBCEMK0PKU1NOPN3LAI_routing2.gif
https://images.squarespace-cdn.com/content/v1/5b68a4e4a2772c2a206180a1/1549057167091-TDHR0QEFWFDCS83QL2MT/collaboration1.gif,1549057167091-TDHR0QEFWFDCS83QL2MT_collaboration1.gif
https://images.squarespace-cdn.com/content/v1/5b68a4e4a2772c2a206180a1/1549057193969-O328BNITJYYWJE0EBBHU/collaboration2.gif,1549057193969-O328BNITJYYWJE0EBBHU_collaboration2.gif
https://images.squarespace-cdn.com/content/v1/5b68a4e4a2772c2a206180a1/1549057303368-XA78D19U40FIM4AZAGCW/happydoctors.jpg,1549057303368-XA78D19U40FIM4AZAGCW_happydoctors.jpg
https://images.squarespace-cdn.com/content/v1/5b68a4e4a2772c2a206180a1/1549056563402-Y353WK6TGS7RLNGKS61K/checkup2.jpg,1549056563402-Y353WK6TGS7RLNGKS61K_checkup2.jpg
https://images.squarespace-cdn.com/content/v1/5b68a4e4a2772c2a206180a1/1549056629072-GSFFP1C2PST8D8QW8HZS/waitingroom.jpg,1549056629072-GSFFP1C2PST8D8QW8HZS_waitingroom.jpg
https://images.squarespace-cdn.com/content/v1/5b68a4e4a2772c2a206180a1/1549056672749-WRW0VHQNDSBLK0ACQ43K/telehealth.jpg,1549056672749-WRW0VHQNDSBLK0ACQ43K_telehealth.jpg
https://images.squarespace-cdn.com/content/v1/5b68a4e4a2772c2a206180a1/1549056720901-8T63WSF7YDIZTJVDKY62/samedayservice.jpg,1549056720901-8T63WSF7YDIZTJVDKY62_samedayservice.jpg
https://images.squarespace-cdn.com/content/v1/5b68a4e4a2772c2a206180a1/1549056780341-WGT71YGDEAQTBUEJY1BE/routing7.gif,1549056780341-WGT71YGDEAQTBUEJY1BE_routing7.gif
https://images.squarespace-cdn.com/content/v1/5b68a4e4a2772c2a206180a1/1549056013432-O72RCZ6P6T2K6WF6ANTQ/prescription.jpg,1549056013432-O72RCZ6P6T2K6WF6ANTQ_prescription.jpg
https://images.squarespace-cdn.com/content/v1/5b68a4e4a2772c2a206180a1/1549056053406-QUF1HXJBUVUJARO7FF54/checksigning.jpg,1549056053406-QUF1HXJBUVUJARO7FF54_checksigning.jpg
https://images.squarespace-cdn.com/content/v1/5b68a4e4a2772c2a206180a1/1549056102900-XO5BAF6C6VC4FO6Q9M7L/possibilityspace.jpg,1549056102900-XO5BAF6C6VC4FO6Q9M7L_possibilityspace.jpg
https://images.squarespace-cdn.com/content/v1/5b68a4e4a2772c2a206180a1/1549056165170-TIR6MFYN4AVAUEIC35EB/tennis.jpg,1549056165170-TIR6MFYN4AVAUEIC35EB_tennis.jpg
https://images.squarespace-cdn.com/content/v1/5b68a4e4a2772c2a206180a1/1549055103364-4QXE6SOII11LODHHZPLE/handwashing.jpg,1549055103364-4QXE6SOII11LODHHZPLE_handwashing.jpg
https://images.squarespace-cdn.com/content/v1/5b68a4e4a2772c2a206180a1/1549055187317-R44FDQSYZCEEGXN5CPZM/hospitalcutaway.jpg,1549055187317-R44FDQSYZCEEGXN5CPZM_hospitalcutaway.jpg
https://images.squarespace-cdn.com/content/v1/5b68a4e4a2772c2a206180a1/1549055232264-3N6F9FK519Q3P7LVQ434/hospitalroom.jpg,1549055232264-3N6F9FK519Q3P7LVQ434_hospitalroom.jpg
https://images.squarespace-cdn.com/content/v1/5b68a4e4a2772c2a206180a1/1549055299210-SF389KI7PLE4OKAP7ALS/image-asset.jpeg,1549055299210-SF389KI7PLE4OKAP7ALS_image-asset.jpeg
https://images.squarespace-cdn.com/content/v1/5b68a4e4a2772c2a206180a1/1549054352228-3D1INYQBL3AEFKRVOVJE/record.jpg,1549054352228-3D1INYQBL3AEFKRVOVJE_record.jpg
https://images.squarespace-cdn.com/content/v1/5b68a4e4a2772c2a206180a1/1549054413400-SSHD6M0B0O7ESS829TCO/openpill.jpg,1549054413400-SSHD6M0B0O7ESS829TCO_openpill.jpg
https://images.squarespace-cdn.com/content/v1/5b68a4e4a2772c2a206180a1/1549054471001-BGYQCTX42D0O9FSCNQX1/Information-Cycle3.gif,1549054471001-BGYQCTX42D0O9FSCNQX1_Information-Cycle3.gif
https://images.squarespace-cdn.com/content/v1/5b68a4e4a2772c2a206180a1/1549053624297-L3M69WWPN15DNLFQFBBD/2011-2.jpg,1549053624297-L3M69WWPN15DNLFQFBBD_2011-2.jpg
https://images.squarespace-cdn.com/content/v1/5b68a4e4a2772c2a206180a1/1549053666792-E3HPM7IS6A1DFNJC6OXK/resolutions.jpg,1549053666792-E3HPM7IS6A1DFNJC6OXK_resolutions.jpg
https://images.squarespace-cdn.com/content/v1/5b68a4e4a2772c2a206180a1/1549053794281-2YKUBZ4N5OVXPUDQQ0IH/baby.jpg,1549053794281-2YKUBZ4N5OVXPUDQQ0IH_baby.jpg
https://images.squarespace-cdn.com/content/v1/5b68a4e4a2772c2a206180a1/1542832716480-SK1MWRWVEKQEPFDDN36I/science.png,1542832716480-SK1MWRWVEKQEPFDDN36I_science.png
https://images.squarespace-cdn.com/content/v1/5b68a4e4a2772c2a206180a1/1542832748556-3DJ83EBXIZI9PSTTNYNV/earthsky.png,1542832748556-3DJ83EBXIZI9PSTTNYNV_earthsky.png
https://images.squarespace-cdn.com/content/v1/5b68a4e4a2772c2a206180a1/1542832801670-9K6RXV5R4DNFQ1P7TJYG/techrev.png,1542832801670-9K6RXV5R4DNFQ1P7TJYG_techrev.png
https://images.squarespace-cdn.com/content/v1/5b68a4e4a2772c2a206180a1/1542832842612-OR50LSUBKRR0SBHB6WJV/newyorkobserver.png,1542832842612-OR50LSUBKRR0SBHB6WJV_newyorkobserver.png
https://images.squarespace-cdn.com/content/v1/5b68a4e4a2772c2a206180a1/1542832879901-4XUFKVLYTT74RSO8FSVW/discover.png,1542832879901-4XUFKVLYTT74RSO8FSVW_discover.png
https://images.squarespace-cdn.com/content/v1/5b68a4e4a2772c2a206180a1/1543592324462-MBXHPFYR41BSSTOHD8XE/blue3.png,1543592324462-MBXHPFYR41BSSTOHD8XE_blue3.png
https://images.squarespace-cdn.com/content/v1/5b68a4e4a2772c2a206180a1/1542832478344-6ZY8XGIBTH6B6JWATOWJ/NYpattern.png,1542832478344-6ZY8XGIBTH6B6JWATOWJ_NYpattern.png
https://images.squarespace-cdn.com/content/v1/5b68a4e4a2772c2a206180a1/1542657433058-2AXGOFFR3Z3M60K7M6PI/neurons-3154919.jpg?format=2500w,1542657433058-2AXGOFFR3Z3M60K7M6PI_neurons-3154919.jpg?format=2500w
https://images.squarespace-cdn.com/content/v1/5b68a4e4a2772c2a206180a1/1542297381179-2O1V08MWG4SZPB06MCA5/fuhrer.jpeg,1542297381179-2O1V08MWG4SZPB06MCA5_fuhrer.jpeg
https://images.squarespace-cdn.com/content/v1/5b68a4e4a2772c2a206180a1/1542648742658-R0JKYUGPDXKBKWMRUN4V/spring-993069.jpg?format=2500w,1542648742658-R0JKYUGPDXKBKWMRUN4V_spring-993069.jpg?format=2500w
https://images.squarespace-cdn.com/content/v1/5b68a4e4a2772c2a206180a1/1543263726032-BPNOJHJU6NBMTZ16YCQ4/neworleans001.png,1543263726032-BPNOJHJU6NBMTZ16YCQ4_neworleans001.png
https://images.squarespace-cdn.com/content/v1/5b68a4e4a2772c2a206180a1/1543871988709-XBSN570CHH8XRWTXBJ78/image-asset.png,1543871988709-XBSN570CHH8XRWTXBJ78_image-asset.png
https://images.squarespace-cdn.com/content/v1/5b68a4e4a2772c2a206180a1/1544459767838-HNCDXE38G8E04PNKQ4QC/cover54.png,1544459767838-HNCDXE38G8E04PNKQ4QC_cover54.png
https://images.squarespace-cdn.com/content/v1/5b68a4e4a2772c2a206180a1/1542747050576-PVU4UUJ99XXOVGBYWYPB/instability.png,1542747050576-PVU4UUJ99XXOVGBYWYPB_instability.png
https://images.squarespace-cdn.com/content/v1/5b68a4e4a2772c2a206180a1/1542833169739-18XR3D4Z1TONP6204NK1/kagan-pic.jpg,1542833169739-18XR3D4Z1TONP6204NK1_kagan-pic.jpg
https://images.squarespace-cdn.com/content/v1/5b68a4e4a2772c2a206180a1/1544475632388-K1L5R9MF1XFML2D50ALE/image-asset.jpeg,1544475632388-K1L5R9MF1XFML2D50ALE_image-asset.jpeg
https://images.squarespace-cdn.com/content/v1/5b68a4e4a2772c2a206180a1/1543873946691-EL0R0S0CHC2MKB8AVOFA/ZikaColombiaMicro.png,1543873946691-EL0R0S0CHC2MKB8AVOFA_ZikaColombiaMicro.png
https://images.squarespace-cdn.com/content/v1/5b68a4e4a2772c2a206180a1/1543874040526-V1CJKGSX7T1PF07QAUAV/blue3.png,1543874040526-V1CJKGSX7T1PF07QAUAV_blue3.png
https://images.squarespace-cdn.com/content/v1/5b68a4e4a2772c2a206180a1/1582121541536-CW9EZW7SUB7GJWL9AHS3/blue2.png?format=2500w,1582121541536-CW9EZW7SUB7GJWL9AHS3_blue2.png?format=2500w
https://images.squarespace-cdn.com/content/v1/5b68a4e4a2772c2a206180a1/1582122107384-L2MN5J867WGC83L0RPAV/PandemicMath-1.png,1582122107384-L2MN5J867WGC83L0RPAV_PandemicMath-1.png
https://images.squarespace-cdn.com/content/v1/5b68a4e4a2772c2a206180a1/1582122133112-DDKER1KE003N3VP45B71/PandemicMath-2.png,1582122133112-DDKER1KE003N3VP45B71_PandemicMath-2.png
https://images.squarespace-cdn.com/content/v1/5b68a4e4a2772c2a206180a1/1582122178321-858T11206MXMMLVB6Z1Q/PandemicMath-3.png,1582122178321-858T11206MXMMLVB6Z1Q_PandemicMath-3.png
https://images.squarespace-cdn.com/content/v1/5b68a4e4a2772c2a206180a1/1582122266779-V6PWSCDMGS5724RZK2SL/PandemicMath-4.png,1582122266779-V6PWSCDMGS5724RZK2SL_PandemicMath-4.png
https://images.squarespace-cdn.com/content/v1/5b68a4e4a2772c2a206180a1/1582122288944-P37BXHAY0G7Z44UO1TGH/PandemicMath-5.png,1582122288944-P37BXHAY0G7Z44UO1TGH_PandemicMath-5.png
https://images.squarespace-cdn.com/content/v1/5b68a4e4a2772c2a206180a1/1582122333087-UB3UBEBPMXJGBDURZMP7/PandemicMath-6.png,1582122333087-UB3UBEBPMXJGBDURZMP7_PandemicMath-6.png
https://images.squarespace-cdn.com/content/v1/5b68a4e4a2772c2a206180a1/1582122427551-NZA33GNC6IAOLMOWHYL3/PandemicMath-7.png,1582122427551-NZA33GNC6IAOLMOWHYL3_PandemicMath-7.png
https://images.squarespace-cdn.com/content/v1/5b68a4e4a2772c2a206180a1/fe721c7b-b4f4-4c24-9a4d-af94dcbcd312/30.png,fe721c7b-b4f4-4c24-9a4d-af94dcbcd312_30.png
https://images.squarespace-cdn.com/content/v1/5b68a4e4a2772c2a206180a1/083d19c3-f7e5-4b8a-8d74-faafbf245a65/Copy+of+Conversations+in+Complexity+%281920+x+1080+px%29+%289%29.jpg,083d19c3-f7e5-4b8a-8d74-faafbf245a65_Copy+of+Conversations+in+Complexity+%281920+x+1080+px%29+%289%29.jpg
https://images.squarespace-cdn.com/content/v1/5b68a4e4a2772c2a206180a1/edad6838-8bce-434d-b5ae-cd838868864c/30.png,edad6838-8bce-434d-b5ae-cd838868864c_30.png
https://images.squarespace-cdn.com/content/v1/5b68a4e4a2772c2a206180a1/4543a585-d58d-485e-b69d-25252ff96beb/sandy.jpg,4543a585-d58d-485e-b69d-25252ff96beb_sandy.jpg
https://images.squarespace-cdn.com/content/v1/5b68a4e4a2772c2a206180a1/5159c39f-195c-4304-9833-011480d77eda/Mapping+Social+Contagion+in+Complex+Systems.jpg,5159c39f-195c-4304-9833-011480d77eda_Mapping+Social+Contagion+in+Complex+Systems.jpg
https://images.squarespace-cdn.com/content/v1/5b68a4e4a2772c2a206180a1/0aa1e579-877f-4cd8-820f-4d846bf8bf44/Copy+of+Conversations+in+Complexity+%281920+x+1080+px%29+%284%29.jpg,0aa1e579-877f-4cd8-820f-4d846bf8bf44_Copy+of+Conversations+in+Complexity+%281920+x+1080+px%29+%284%29.jpg
https://images.squarespace-cdn.com/content/v1/5b68a4e4a2772c2a206180a1/219c89d1-b426-45d9-83d6-2c93184c437c/Copy+of+Conversations+in+Complexity+%281920+x+1080+px%29.jpg,219c89d1-b426-45d9-83d6-2c93184c437c_Copy+of+Conversations+in+Complexity+%281920+x+1080+px%29.jpg
https://images.squarespace-cdn.com/content/v1/5b68a4e4a2772c2a206180a1/ab52d01d-72cd-4305-88bd-d2b6b67e5ae5/Copy+of+Homepage+Banner+Election+And+Complexity+Science+Insights+for+Collective+Action+and+Governance+%282500+x+582+px%29.jpg,ab52d01d-72cd-4305-88bd-d2b6b67e5ae5_Copy+of+Homepage+Banner+Election+And+Complexity+Science+Insights+for+Collective+Action+and+Governance+%282500+x+582+px%29.jpg
https://images.squarespace-cdn.com/content/v1/5b68a4e4a2772c2a206180a1/1544112095093-UWLK5FWVTY6LO2NZT5WX/image-asset.jpeg,1544112095093-UWLK5FWVTY6LO2NZT5WX_image-asset.jpeg
https://images.squarespace-cdn.com/content/v1/5b68a4e4a2772c2a206180a1/1544112122368-VIYE76FK9WD8ERTROZ48/blue3.png,1544112122368-VIYE76FK9WD8ERTROZ48_blue3.png
https://images.squarespace-cdn.com/content/v1/5b68a4e4a2772c2a206180a1/1544112174387-AOSHJ4IWHUQ3I01KSO0I/economictimes.png,1544112174387-AOSHJ4IWHUQ3I01KSO0I_economictimes.png
https://images-na.ssl-images-amazon.com/images/I/41tOqOtFqKL.jpg,I_41tOqOtFqKL.jpg
https://images.squarespace-cdn.com/content/v1/5b68a4e4a2772c2a206180a1/1623942092412-OUZ99J7NB8Q35Q7592LU/israel_06_15_2021.png,1623942092412-OUZ99J7NB8Q35Q7592LU_israel_06_15_2021.png
https://images.squarespace-cdn.com/content/v1/5b68a4e4a2772c2a206180a1/1623942080519-G6UEHRVJOY9IOVHUIGA8/india_06_15_2021.jpg,1623942080519-G6UEHRVJOY9IOVHUIGA8_india_06_15_2021.jpg
https://images.squarespace-cdn.com/content/v1/5b68a4e4a2772c2a206180a1/1623942060987-96A08QY7KOYUH6W40BNR/US_06_15_2021.jpg,1623942060987-96A08QY7KOYUH6W40BNR_US_06_15_2021.jpg
https://images.squarespace-cdn.com/content/v1/5b68a4e4a2772c2a206180a1/1623942039392-P8JN51UNOHB7HPR7MVZ6/UK_06_15_2021.jpg,1623942039392-P8JN51UNOHB7HPR7MVZ6_UK_06_15_2021.jpg
https://images.squarespace-cdn.com/content/v1/5b68a4e4a2772c2a206180a1/1623942023982-H2RVJB8G3AQM9AN6F18Q/new_york_06_15_2021.png,1623942023982-H2RVJB8G3AQM9AN6F18Q_new_york_06_15_2021.png
https://images.squarespace-cdn.com/content/v1/5b68a4e4a2772c2a206180a1/1623941992034-2RY5FTAGKUN4B37SBC7S/delhi_06_14_2021.png,1623941992034-2RY5FTAGKUN4B37SBC7S_delhi_06_14_2021.png
https://images.squarespace-cdn.com/content/v1/5b68a4e4a2772c2a206180a1/1623941977187-2HJO1LG9L1I5MD1E82AY/uttar_pradesh_06_14_2021.png,1623941977187-2HJO1LG9L1I5MD1E82AY_uttar_pradesh_06_14_2021.png
https://images.squarespace-cdn.com/content/v1/5b68a4e4a2772c2a206180a1/1623679273169-BAY3MALKXKXSRQMA8YPT/india_states+06_13_2021.jpg,1623679273169-BAY3MALKXKXSRQMA8YPT_india_states+06_13_2021.jpg
https://images.squarespace-cdn.com/content/v1/5b68a4e4a2772c2a206180a1/1623679234295-N7V3UV2PCTBKCCFGYV86/uk+06_12_2021.jpg,1623679234295-N7V3UV2PCTBKCCFGYV86_uk+06_12_2021.jpg
https://images.squarespace-cdn.com/content/v1/5b68a4e4a2772c2a206180a1/1623679184501-6FJ82TY2WLPJTQAKLHOU/india_deaths+06_12_2021.jpg,1623679184501-6FJ82TY2WLPJTQAKLHOU_india_deaths+06_12_2021.jpg
https://images.squarespace-cdn.com/content/v1/5b68a4e4a2772c2a206180a1/1623679167581-6P92PKPVAPLPI7RVKBU9/india+states+charts+06_12_2021.jpg,1623679167581-6P92PKPVAPLPI7RVKBU9_india+states+charts+06_12_2021.jpg
https://images.squarespace-cdn.com/content/v1/5b68a4e4a2772c2a206180a1/1623679150583-AI3Y9SWCY3IWLX1VKPYK/india+06_12_2021.jpg,1623679150583-AI3Y9SWCY3IWLX1VKPYK_india+06_12_2021.jpg
https://images.squarespace-cdn.com/content/v1/5b68a4e4a2772c2a206180a1/1623442407961-OQJ34C6H93CVO3EKY5NS/japan+06_10_2021.jpg,1623442407961-OQJ34C6H93CVO3EKY5NS_japan+06_10_2021.jpg
https://images.squarespace-cdn.com/content/v1/5b68a4e4a2772c2a206180a1/1623442393368-KK9NNRRJXY3PEH3CVDPT/CA_NY_MA+06_10_2021.jpg,1623442393368-KK9NNRRJXY3PEH3CVDPT_CA_NY_MA+06_10_2021.jpg
https://images.squarespace-cdn.com/content/v1/5b68a4e4a2772c2a206180a1/1623442345893-UI4NLNVLLY976ZDZMNNT/india+06_06_2021.jpg,1623442345893-UI4NLNVLLY976ZDZMNNT_india+06_06_2021.jpg
https://images.squarespace-cdn.com/content/v1/5b68a4e4a2772c2a206180a1/1623442313999-QBZ2GCOFEAAI1SPF9C3Z/india+logarithmic+06_06_2021.jpg,1623442313999-QBZ2GCOFEAAI1SPF9C3Z_india+logarithmic+06_06_2021.jpg
https://images.squarespace-cdn.com/content/v1/5b68a4e4a2772c2a206180a1/1623442276423-3PJ36FI17CC2T89Q8UQ7/india+by+state+06_06_2021.jpg,1623442276423-3PJ36FI17CC2T89Q8UQ7_india+by+state+06_06_2021.jpg
https://images.squarespace-cdn.com/content/v1/5b68a4e4a2772c2a206180a1/1623442245929-U7MWNQKD0VZIEF2NT6CT/india+fireplot+06_06_2021.jpg,1623442245929-U7MWNQKD0VZIEF2NT6CT_india+fireplot+06_06_2021.jpg
https://images.squarespace-cdn.com/content/v1/5b68a4e4a2772c2a206180a1/1623442225021-P8NMFN49W4EOUZ93YX39/uk+06_05_2021.jpg,1623442225021-P8NMFN49W4EOUZ93YX39_uk+06_05_2021.jpg
https://images.squarespace-cdn.com/content/v1/5b68a4e4a2772c2a206180a1/1623442208278-IGYNXA5QS3JBHOPJMDUE/us+06_05_2021.jpg,1623442208278-IGYNXA5QS3JBHOPJMDUE_us+06_05_2021.jpg
https://images.squarespace-cdn.com/content/v1/5b68a4e4a2772c2a206180a1/1623442187836-16ZFYOM5R62CB707PMKW/columbia+06_05_2021.jpg,1623442187836-16ZFYOM5R62CB707PMKW_columbia+06_05_2021.jpg
https://images.squarespace-cdn.com/content/v1/5b68a4e4a2772c2a206180a1/1622645076110-AYZEAXLHOAKE1JBATBOX/europe+05_29_2021.jpg,1622645076110-AYZEAXLHOAKE1JBATBOX_europe+05_29_2021.jpg
https://images.squarespace-cdn.com/content/v1/5b68a4e4a2772c2a206180a1/1622645057565-19J75JAZBG9IMR4G7K12/japan+05_29_2021.jpg,1622645057565-19J75JAZBG9IMR4G7K12_japan+05_29_2021.jpg
https://images.squarespace-cdn.com/content/v1/5b68a4e4a2772c2a206180a1/1622645039525-JOXWVA7OR58EWIHZZ7HA/vietnam_05_29_2021.jpg,1622645039525-JOXWVA7OR58EWIHZZ7HA_vietnam_05_29_2021.jpg
https://images.squarespace-cdn.com/content/v1/5b68a4e4a2772c2a206180a1/1622645020903-QOS833KGB3WJ25ITP92Z/india+05_26_2021.jpg,1622645020903-QOS833KGB3WJ25ITP92Z_india+05_26_2021.jpg
https://images.squarespace-cdn.com/content/v1/5b68a4e4a2772c2a206180a1/1565315567100-I7JPKOABUNT50CMZ2Y1I/image-asset.jpeg?format=2500w,1565315567100-I7JPKOABUNT50CMZ2Y1I_image-asset.jpeg?format=2500w
https://images.squarespace-cdn.com/content/v1/5b68a4e4a2772c2a206180a1/1566592338736-TR3639IT9NRVOCYIDYCA/image-asset.jpeg?format=2500w,1566592338736-TR3639IT9NRVOCYIDYCA_image-asset.jpeg?format=2500w
https://images.squarespace-cdn.com/content/v1/5b68a4e4a2772c2a206180a1/1543592848503-JB92K3G4S5I1I02B1A9I/blue3.png,1543592848503-JB92K3G4S5I1I02B1A9I_blue3.png
https://images.squarespace-cdn.com/content/v1/5b68a4e4a2772c2a206180a1/1558711090499-1RBY8JU5A54V6DD7ULV2/blue2.png?format=2500w,1558711090499-1RBY8JU5A54V6DD7ULV2_blue2.png?format=2500w
https://images.squarespace-cdn.com/content/v1/5b68a4e4a2772c2a206180a1/1579790730581-HNG7H5KTT6O9X8V3S4IU/salt-banner.png,1579790730581-HNG7H5KTT6O9X8V3S4IU_salt-banner.png
https://images.squarespace-cdn.com/content/v1/5b68a4e4a2772c2a206180a1/1578932033635-EBDC0JHXV4W36GVLJO1G/voting2.png,1578932033635-EBDC0JHXV4W36GVLJO1G_voting2.png
https://images.squarespace-cdn.com/content/v1/5b68a4e4a2772c2a206180a1/1576601111873-JE20F0JPMMNM5ZB2ARCR/complex-systems-banner.png,1576601111873-JE20F0JPMMNM5ZB2ARCR_complex-systems-banner.png
https://images.squarespace-cdn.com/content/v1/5b68a4e4a2772c2a206180a1/1571937534758-SBFLYWM63DRF7T26KFCN/banner-urban-segregation.png,1571937534758-SBFLYWM63DRF7T26KFCN_banner-urban-segregation.png
https://images.squarespace-cdn.com/content/v1/5b68a4e4a2772c2a206180a1/1571150251469-CBS61ZAR9K1EAHDUL95U/fragmentation-banner.png,1571150251469-CBS61ZAR9K1EAHDUL95U_fragmentation-banner.png
https://images.squarespace-cdn.com/content/v1/5b68a4e4a2772c2a206180a1/1558708858846-5K48ECOWRJTIN8FK4VGK/biodiversity-banner.png,1558708858846-5K48ECOWRJTIN8FK4VGK_biodiversity-banner.png
https://images.squarespace-cdn.com/content/v1/5b68a4e4a2772c2a206180a1/1558708953153-JUJWYM6QW8JV78IBS2CR/groupbehavior.png,1558708953153-JUJWYM6QW8JV78IBS2CR_groupbehavior.png
https://images.squarespace-cdn.com/content/v1/5b68a4e4a2772c2a206180a1/1558709295366-NH4DNRFV17UBEX4G4UBE/disorderedsystems.png,1558709295366-NH4DNRFV17UBEX4G4UBE_disorderedsystems.png
https://images.squarespace-cdn.com/content/v1/5b68a4e4a2772c2a206180a1/1559147893640-K6WANW3QQQESZD7R55LK/leadership.png,1559147893640-K6WANW3QQQESZD7R55LK_leadership.png
https://images.squarespace-cdn.com/content/v1/5b68a4e4a2772c2a206180a1/1558709564513-OGHOVRSU8HRZ9ATEF2IN/circularflows.png,1558709564513-OGHOVRSU8HRZ9ATEF2IN_circularflows.png
https://images.squarespace-cdn.com/content/v1/5b68a4e4a2772c2a206180a1/1558709873403-1B2AWURHB6JW0CE4AY7G/feb18report.png,1558709873403-1B2AWURHB6JW0CE4AY7G_feb18report.png
https://images.squarespace-cdn.com/content/v1/5b68a4e4a2772c2a206180a1/1558710048985-BA3L8Y4IYFV1ODIFOPL7/sparsedisorder.png,1558710048985-BA3L8Y4IYFV1ODIFOPL7_sparsedisorder.png
https://images.squarespace-cdn.com/content/v1/5b68a4e4a2772c2a206180a1/1558710150588-2JJ7BBKPCQJAM660ORB6/DRC2018.png,1558710150588-2JJ7BBKPCQJAM660ORB6_DRC2018.png
https://images.squarespace-cdn.com/content/v1/5b68a4e4a2772c2a206180a1/1558710349352-5W3KBUUR352MAUUDNRD5/scienceofscience.png,1558710349352-5W3KBUUR352MAUUDNRD5_scienceofscience.png
https://images.squarespace-cdn.com/content/v1/5b68a4e4a2772c2a206180a1/1714502032064-DAY9TMK0RCDOIJ3LXQI1/Course+LP+Banners+%2811%29.png?format=2500w,1714502032064-DAY9TMK0RCDOIJ3LXQI1_Course+LP+Banners+%2811%29.png?format=2500w
https://images.squarespace-cdn.com/content/v1/5b68a4e4a2772c2a206180a1/efc491d2-041b-4d6c-b7af-77afd4db9685/Course+LP+Banners.png,efc491d2-041b-4d6c-b7af-77afd4db9685_Course+LP+Banners.png
https://images.squarespace-cdn.com/content/v1/5b68a4e4a2772c2a206180a1/6ba125d6-001c-4d35-81e0-44bf4a1a3781/Untitled+design+%2833%29.png,6ba125d6-001c-4d35-81e0-44bf4a1a3781_Untitled+design+%2833%29.png
https://images.squarespace-cdn.com/content/v1/5b68a4e4a2772c2a206180a1/1576271236700-H7625S07BVH83PZTC95P/complex-systems.png?format=2500w,1576271236700-H7625S07BVH83PZTC95P_complex-systems.png?format=2500w
https://images.squarespace-cdn.com/content/v1/5b68a4e4a2772c2a206180a1/1576267386129-WLBSNUOPFNB7ILAQRC7O/1912.png,1576267386129-WLBSNUOPFNB7ILAQRC7O_1912.png
https://images.squarespace-cdn.com/content/v1/5b68a4e4a2772c2a206180a1/1544199819061-DBJICY0OZTQXML0IL7MY/man53.png,1544199819061-DBJICY0OZTQXML0IL7MY_man53.png
https://images.squarespace-cdn.com/content/v1/5b68a4e4a2772c2a206180a1/1714502673748-MDU4WMJST6BHOZ4CGBDN/pubhealth.png?format=750w,1714502673748-MDU4WMJST6BHOZ4CGBDN_pubhealth.png?format=750w
https://images.squarespace-cdn.com/content/v1/5b68a4e4a2772c2a206180a1/1543864650428-EJHQ5TIYUY85S0MNPALU/LiberiaDecrease1.png,1543864650428-EJHQ5TIYUY85S0MNPALU_LiberiaDecrease1.png
https://images.squarespace-cdn.com/content/v1/5b68a4e4a2772c2a206180a1/1543864686704-W49ET5U99ZLT74MVKHNP/LiberiaDecrease2.png,1543864686704-W49ET5U99ZLT74MVKHNP_LiberiaDecrease2.png
https://images.squarespace-cdn.com/content/v1/5b68a4e4a2772c2a206180a1/1543864727279-63Z6FAY57EGKAWJOO5XO/blue3.png,1543864727279-63Z6FAY57EGKAWJOO5XO_blue3.png
https://images.squarespace-cdn.com/content/v1/5b68a4e4a2772c2a206180a1/1543865541412-5GBO6ZZTQVNRPXTUTLKD/image-asset.png,1543865541412-5GBO6ZZTQVNRPXTUTLKD_image-asset.png
https://images.squarespace-cdn.com/content/v1/5b68a4e4a2772c2a206180a1/1543865574377-752DWGBAV94W6VRFRFGM/image-asset.png,1543865574377-752DWGBAV94W6VRFRFGM_image-asset.png
https://images.squarespace-cdn.com/content/v1/5b68a4e4a2772c2a206180a1/1543865660811-ZYEYC9IKE7EOC3JP6VCE/bostonglobe.png,1543865660811-ZYEYC9IKE7EOC3JP6VCE_bostonglobe.png
https://images.squarespace-cdn.com/content/v1/5b68a4e4a2772c2a206180a1/97be1088-b127-4b3d-8638-1d711f4c26a1/Untitled+%281366+x+400+px%29+%281%29.png?format=2500w,97be1088-b127-4b3d-8638-1d711f4c26a1_Untitled+%281366+x+400+px%29+%281%29.png?format=2500w
https://images.squarespace-cdn.com/content/v1/5b68a4e4a2772c2a206180a1/1542830652393-KGKBG3AFWYH6I5YXFXL8/figure1.png,1542830652393-KGKBG3AFWYH6I5YXFXL8_figure1.png
https://images.squarespace-cdn.com/content/v1/5b68a4e4a2772c2a206180a1/1543613441887-L2FR66LDV4YV3PK6UD9J/blue3.png,1543613441887-L2FR66LDV4YV3PK6UD9J_blue3.png
https://images.squarespace-cdn.com/content/v1/5b68a4e4a2772c2a206180a1/1542830712946-4G8OWWCEKOOV9SVF13BX/wired.png,1542830712946-4G8OWWCEKOOV9SVF13BX_wired.png
https://images.squarespace-cdn.com/content/v1/5b68a4e4a2772c2a206180a1/1542830746174-OBRKOER17VSB6AW006PC/cfr.png,1542830746174-OBRKOER17VSB6AW006PC_cfr.png
https://images.squarespace-cdn.com/content/v1/5b68a4e4a2772c2a206180a1/1542830782097-XVNDZCHFXX6B2XWQO15F/image-asset.png,1542830782097-XVNDZCHFXX6B2XWQO15F_image-asset.png
https://images.squarespace-cdn.com/content/v1/5b68a4e4a2772c2a206180a1/1542830808453-E5RZ2YKX7HN29PSDSG3N/motherjones.png,1542830808453-E5RZ2YKX7HN29PSDSG3N_motherjones.png
https://images.squarespace-cdn.com/content/v1/5b68a4e4a2772c2a206180a1/1542830836904-KXFJ3D7OBRAXB9WVKH3S/grist.png,1542830836904-KXFJ3D7OBRAXB9WVKH3S_grist.png
https://images.squarespace-cdn.com/content/v1/5b68a4e4a2772c2a206180a1/1542830864974-B6P7NK0QE7S5NW1XJXL7/climatedesk.png,1542830864974-B6P7NK0QE7S5NW1XJXL7_climatedesk.png
https://images-na.ssl-images-amazon.com/images/I/51Hbk0vaIyL.jpg,I_51Hbk0vaIyL.jpg
https://images.squarespace-cdn.com/content/v1/5b68a4e4a2772c2a206180a1/1542660499894-QY2BNJ6I90KMITX09MVO/network-3357642.jpg?format=2500w,1542660499894-QY2BNJ6I90KMITX09MVO_network-3357642.jpg?format=2500w
https://images.squarespace-cdn.com/content/v1/5b68a4e4a2772c2a206180a1/1542660552908-B2PC9K5V7UIZLL8RHSOT/modeling.jpg,1542660552908-B2PC9K5V7UIZLL8RHSOT_modeling.jpg
https://images.squarespace-cdn.com/content/v1/5b68a4e4a2772c2a206180a1/1542660757032-IHTCDZ3E6HQFJB8IGID9/cellfunction.jpg,1542660757032-IHTCDZ3E6HQFJB8IGID9_cellfunction.jpg
https://images.squarespace-cdn.com/content/v1/5b68a4e4a2772c2a206180a1/1542660834899-G9BGGXNRZZ1AJLQEECGF/biology.jpg,1542660834899-G9BGGXNRZZ1AJLQEECGF_biology.jpg
https://images.squarespace-cdn.com/content/v1/5b68a4e4a2772c2a206180a1/1542660878902-4QRMH840DJ9DKX4KEWQG/economic.jpg,1542660878902-4QRMH840DJ9DKX4KEWQG_economic.jpg
https://images.squarespace-cdn.com/content/v1/5b68a4e4a2772c2a206180a1/1542660922481-PYLO1Z2P23IYWP6D3YQR/socialnetwork.jpg,1542660922481-PYLO1Z2P23IYWP6D3YQR_socialnetwork.jpg
https://images.squarespace-cdn.com/content/v1/5b68a4e4a2772c2a206180a1/1542660965937-QQQXC4CF3N3ZZS5RQEM5/technology.jpg,1542660965937-QQQXC4CF3N3ZZS5RQEM5_technology.jpg
https://images-na.ssl-images-amazon.com/images/I/41sdlFoB%2BCL.jpg,I_41sdlFoB%2BCL.jpg
https://images-na.ssl-images-amazon.com/images/I/51t6SQV15IL.jpg,I_51t6SQV15IL.jpg
https://images.squarespace-cdn.com/content/v1/5b68a4e4a2772c2a206180a1/1549380897737-6Y2K0QWC7CAW3HHKPUI9/lion-2827.jpg?format=2500w,1549380897737-6Y2K0QWC7CAW3HHKPUI9_lion-2827.jpg?format=2500w
https://images.squarespace-cdn.com/content/v1/5b68a4e4a2772c2a206180a1/1549654305607-9UNIO2X0RZL8FB83CVCM/sprout-transparent.png?format=2500w,1549654305607-9UNIO2X0RZL8FB83CVCM_sprout-transparent.png?format=2500w
https://images.squarespace-cdn.com/content/v1/5b68a4e4a2772c2a206180a1/1549654426100-D0Z0QR0MD81CCAHTZSIZ/dna-transparent.png?format=2500w,1549654426100-D0Z0QR0MD81CCAHTZSIZ_dna-transparent.png?format=2500w
https://images.squarespace-cdn.com/content/v1/5b68a4e4a2772c2a206180a1/1549654054765-PCZYXB0CKEUKTHP5L5QI/flamingo-transparent.png?format=2500w,1549654054765-PCZYXB0CKEUKTHP5L5QI_flamingo-transparent.png?format=2500w
https://images.squarespace-cdn.com/content/v1/5b68a4e4a2772c2a206180a1/1549653547781-NMQ7JSTB7MN03TE0C5BY/meerkat-transparent.png?format=2500w,1549653547781-NMQ7JSTB7MN03TE0C5BY_meerkat-transparent.png?format=2500w
https://images.squarespace-cdn.com/content/v1/5b68a4e4a2772c2a206180a1/1549654595727-T2I1ZTG5W9XDCLXFQNQQ/system-transparent.png?format=2500w,1549654595727-T2I1ZTG5W9XDCLXFQNQQ_system-transparent.png?format=2500w
https://static1.squarespace.com/static/5b68a4e4a2772c2a206180a1/5c34d3c621c67c793aaa094e/5c891c294e17b6565f0d02bc/1552489515738/arrow.png,1552489515738_arrow.png
https://images.squarespace-cdn.com/content/v1/5b68a4e4a2772c2a206180a1/1552314084897-BRZDB3RJOJIFDMRQSWFR/KinVGroupSelection.001.png,1552314084897-BRZDB3RJOJIFDMRQSWFR_KinVGroupSelection.001.png
https://images.squarespace-cdn.com/content/v1/5b68a4e4a2772c2a206180a1/1549396417144-2OP96WS21F82XO87Y04G/Mendel2.png,1549396417144-2OP96WS21F82XO87Y04G_Mendel2.png
https://images.squarespace-cdn.com/content/v1/5b68a4e4a2772c2a206180a1/1549396964143-FJCORVZO342DCEP03UXS/rowers1.jpeg,1549396964143-FJCORVZO342DCEP03UXS_rowers1.jpeg
https://images.squarespace-cdn.com/content/v1/5b68a4e4a2772c2a206180a1/1549398798729-RW7ZQJKOTYIP5KZ8FAG4/rowers2.jpeg,1549398798729-RW7ZQJKOTYIP5KZ8FAG4_rowers2.jpeg
https://images.squarespace-cdn.com/content/v1/5b68a4e4a2772c2a206180a1/1549401561143-Z9UJ5FK3MYRI2T2FETPU/cost-benefit.png,1549401561143-Z9UJ5FK3MYRI2T2FETPU_cost-benefit.png
https://images.squarespace-cdn.com/content/v1/5b68a4e4a2772c2a206180a1/1549985605972-XULO25YXXO8RG8T8J0TI/beetles.png,1549985605972-XULO25YXXO8RG8T8J0TI_beetles.png
https://images.squarespace-cdn.com/content/v1/5b68a4e4a2772c2a206180a1/1549404519164-DNWWWVBBHAC8U65P3EWA/cover54.png,1549404519164-DNWWWVBBHAC8U65P3EWA_cover54.png
https://images.squarespace-cdn.com/content/v1/5b68a4e4a2772c2a206180a1/1549405384308-KW1NUA4OQSF50H839R42/pandemics.png,1549405384308-KW1NUA4OQSF50H839R42_pandemics.png
https://images.squarespace-cdn.com/content/v1/5b68a4e4a2772c2a206180a1/1549405430319-ZOQVM308EHSA9ZIKH1RC/old-woman-574278.jpg,1549405430319-ZOQVM308EHSA9ZIKH1RC_old-woman-574278.jpg
https://images.squarespace-cdn.com/content/v1/5b68a4e4a2772c2a206180a1/1543606372132-VS9TWGAUCGHSPPOJKTGF/image-asset.png,1543606372132-VS9TWGAUCGHSPPOJKTGF_image-asset.png
https://images.squarespace-cdn.com/content/v1/5b68a4e4a2772c2a206180a1/1543606438773-99X378997CK2L7RSD3HS/blue3.png,1543606438773-99X378997CK2L7RSD3HS_blue3.png
https://images.squarespace-cdn.com/content/v1/5b68a4e4a2772c2a206180a1/1542747856895-1EJS3B3DXM3OM4XN46WX/DRC2018.png?format=2500w,1542747856895-1EJS3B3DXM3OM4XN46WX_DRC2018.png?format=2500w
https://images.squarespace-cdn.com/content/v1/5b68a4e4a2772c2a206180a1/1542747526356-KD5OJSSP6TRNBJGFC59A/time.png,1542747526356-KD5OJSSP6TRNBJGFC59A_time.png
https://images.squarespace-cdn.com/content/v1/5b68a4e4a2772c2a206180a1/1542747571507-ZWCONYTSK7ZIMOR9DKXV/motherboard.png,1542747571507-ZWCONYTSK7ZIMOR9DKXV_motherboard.png
https://images.squarespace-cdn.com/content/v1/5b68a4e4a2772c2a206180a1/1542747599567-IT4Y0ZF1DQGU2DQ5NS6L/bostonglobe.png,1542747599567-IT4Y0ZF1DQGU2DQ5NS6L_bostonglobe.png
https://images.squarespace-cdn.com/content/v1/5b68a4e4a2772c2a206180a1/1542747695607-ERHYSOC8QNY93JOUG8LT/infographic2.png,1542747695607-ERHYSOC8QNY93JOUG8LT_infographic2.png
https://images.squarespace-cdn.com/content/v1/5b68a4e4a2772c2a206180a1/1544220010677-I3Q1OXPB0FOI8ICVEGV8/image-asset.png,1544220010677-I3Q1OXPB0FOI8ICVEGV8_image-asset.png
https://images.squarespace-cdn.com/content/v1/5b68a4e4a2772c2a206180a1/1544220036600-0RNLWGIX5O71CQWM63ZT/image-asset.png,1544220036600-0RNLWGIX5O71CQWM63ZT_image-asset.png
https://images.squarespace-cdn.com/content/v1/5b68a4e4a2772c2a206180a1/1544223193682-MW5IB0NZ4B34S7N7WUJB/image-asset.jpeg,1544223193682-MW5IB0NZ4B34S7N7WUJB_image-asset.jpeg
https://images.squarespace-cdn.com/content/v1/5b68a4e4a2772c2a206180a1/1542748058235-GWWH8EV2SG2G3BN30R7J/scienceofscience.jpg,1542748058235-GWWH8EV2SG2G3BN30R7J_scienceofscience.jpg
https://images.squarespace-cdn.com/content/v1/5b68a4e4a2772c2a206180a1/1543517941910-M0RP6NAPQ06DE5U6WKTY/food_crises_tweets.png,1543517941910-M0RP6NAPQ06DE5U6WKTY_food_crises_tweets.png
https://images.squarespace-cdn.com/content/v1/5b68a4e4a2772c2a206180a1/1543518037641-LWJB73UZEO3RA5ABX1QN/fig1_crises.png,1543518037641-LWJB73UZEO3RA5ABX1QN_fig1_crises.png
https://images.squarespace-cdn.com/content/v1/5b68a4e4a2772c2a206180a1/1543612817228-QJ2AF44P6AKEABASM19Q/blue3.png,1543612817228-QJ2AF44P6AKEABASM19Q_blue3.png
https://images.squarespace-cdn.com/content/v1/5b68a4e4a2772c2a206180a1/1543519932383-4CMUAFI1JYPN60UXPZBV/motherboard.png,1543519932383-4CMUAFI1JYPN60UXPZBV_motherboard.png
https://images.squarespace-cdn.com/content/v1/5b68a4e4a2772c2a206180a1/1543519979710-ZD42G9SOC27J6FMZ6MCY/wired.png,1543519979710-ZD42G9SOC27J6FMZ6MCY_wired.png
https://images.squarespace-cdn.com/content/v1/5b68a4e4a2772c2a206180a1/1543520039343-VG3WN3RKEW0GNOJD4NWM/wireduk.png,1543520039343-VG3WN3RKEW0GNOJD4NWM_wireduk.png
https://images.squarespace-cdn.com/content/v1/5b68a4e4a2772c2a206180a1/1543520098310-3ZPIUVA76V38CT8Z80CA/wiredjapan.png,1543520098310-3ZPIUVA76V38CT8Z80CA_wiredjapan.png
https://images.squarespace-cdn.com/content/v1/5b68a4e4a2772c2a206180a1/1543520234581-PS4PIR4GKOX6RYFOL7OV/techrev-old.png,1543520234581-PS4PIR4GKOX6RYFOL7OV_techrev-old.png
https://images.squarespace-cdn.com/content/v1/5b68a4e4a2772c2a206180a1/1543520264048-9EUAR9IIKTHLJJ02TNSZ/guardian.png,1543520264048-9EUAR9IIKTHLJJ02TNSZ_guardian.png
https://images.squarespace-cdn.com/content/v1/5b68a4e4a2772c2a206180a1/1543520826448-MSWA49VIW1NCK1PXN0DM/image-asset.png,1543520826448-MSWA49VIW1NCK1PXN0DM_image-asset.png
https://images.squarespace-cdn.com/content/v1/5b68a4e4a2772c2a206180a1/1543520875480-UO5KZ5UBK69MT96NXBIF/fastcompany.png,1543520875480-UO5KZ5UBK69MT96NXBIF_fastcompany.png
https://images.squarespace-cdn.com/content/v1/5b68a4e4a2772c2a206180a1/1543521230452-LTY59I7G8SI57HUQ55CN/scientificamerican.png,1543521230452-LTY59I7G8SI57HUQ55CN_scientificamerican.png
https://images.squarespace-cdn.com/content/v1/5b68a4e4a2772c2a206180a1/1543521278480-XR0K0XBCUNRDGADLRDCA/io9.png,1543521278480-XR0K0XBCUNRDGADLRDCA_io9.png
https://images.squarespace-cdn.com/content/v1/5b68a4e4a2772c2a206180a1/1543521330288-NPH8S7IHN3WY1Q0TBFTX/discoverynews.png,1543521330288-NPH8S7IHN3WY1Q0TBFTX_discoverynews.png
https://images.squarespace-cdn.com/content/v1/5b68a4e4a2772c2a206180a1/1543521381239-KSIRHHRWFUTERR3886LZ/telegraph.png,1543521381239-KSIRHHRWFUTERR3886LZ_telegraph.png
https://images.squarespace-cdn.com/content/v1/5b68a4e4a2772c2a206180a1/1543521439810-672DKPU63BRKY4FPOVRO/nytimes.png,1543521439810-672DKPU63BRKY4FPOVRO_nytimes.png
https://images.squarespace-cdn.com/content/v1/5b68a4e4a2772c2a206180a1/1543521492930-UPOGM9PO9685XI4CZKEL/expresscouk.png,1543521492930-UPOGM9PO9685XI4CZKEL_expresscouk.png
https://images.squarespace-cdn.com/content/v1/5b68a4e4a2772c2a206180a1/1543521547110-99CVQQUD4D34Y5XPX3BO/reddit.png,1543521547110-99CVQQUD4D34Y5XPX3BO_reddit.png
https://images.squarespace-cdn.com/content/v1/5b68a4e4a2772c2a206180a1/1543521598098-I5G37AVJ0CAICAVAWVKJ/iol.png,1543521598098-I5G37AVJ0CAICAVAWVKJ_iol.png
https://images.squarespace-cdn.com/content/v1/5b68a4e4a2772c2a206180a1/1543521647147-O7CBS8MTYF2MAIXMOSXF/abcau.png,1543521647147-O7CBS8MTYF2MAIXMOSXF_abcau.png
https://images.squarespace-cdn.com/content/v1/5b68a4e4a2772c2a206180a1/1543521707511-6RINX3XO9SLTYFMLXPTJ/ilmanifesto.png,1543521707511-6RINX3XO9SLTYFMLXPTJ_ilmanifesto.png
https://images.squarespace-cdn.com/content/v1/5b68a4e4a2772c2a206180a1/1543521758430-H0O5W07WGFET7OXGT6R3/image-asset.png,1543521758430-H0O5W07WGFET7OXGT6R3_image-asset.png
https://images.squarespace-cdn.com/content/v1/5b68a4e4a2772c2a206180a1/1543521815354-O50S54S8FIHB53EJ9SPX/newscientist.png,1543521815354-O50S54S8FIHB53EJ9SPX_newscientist.png
https://images.squarespace-cdn.com/content/v1/5b68a4e4a2772c2a206180a1/1543521865148-ODZYCLEZVQRJOBYJV7AI/forbes.png,1543521865148-ODZYCLEZVQRJOBYJV7AI_forbes.png
https://images.squarespace-cdn.com/content/v1/5b68a4e4a2772c2a206180a1/1543521913470-5R4E8LK8Z8Q4XSE8TM2L/businessinsider.jpg,1543521913470-5R4E8LK8Z8Q4XSE8TM2L_businessinsider.jpg
https://images.squarespace-cdn.com/content/v1/5b68a4e4a2772c2a206180a1/1543521963856-DKUO91I43EM3P5PJAZDK/comdig.png,1543521963856-DKUO91I43EM3P5PJAZDK_comdig.png
https://images.squarespace-cdn.com/content/v1/5b68a4e4a2772c2a206180a1/1543522096844-JVF3FZDYVS1YB8SFLFR7/agraeurope.png,1543522096844-JVF3FZDYVS1YB8SFLFR7_agraeurope.png
https://images.squarespace-cdn.com/content/v1/5b68a4e4a2772c2a206180a1/1543522155481-K2LW1MP20H1CA92XBTIU/naturenews.png,1543522155481-K2LW1MP20H1CA92XBTIU_naturenews.png
https://images.squarespace-cdn.com/content/v1/5b68a4e4a2772c2a206180a1/1543522212423-B1Z1Z0PY4JN0GD2HV1G8/counterpunch.png,1543522212423-B1Z1Z0PY4JN0GD2HV1G8_counterpunch.png
https://images.squarespace-cdn.com/content/v1/5b68a4e4a2772c2a206180a1/1543522273391-CNT5ZPS99XC6Q20EU4XE/readteamanalysis.png,1543522273391-CNT5ZPS99XC6Q20EU4XE_readteamanalysis.png
https://images.squarespace-cdn.com/content/v1/5b68a4e4a2772c2a206180a1/1543522337798-APKJJFAT97RP6KPJFBL4/aheadoftheherd.png,1543522337798-APKJJFAT97RP6KPJFBL4_aheadoftheherd.png
https://images.squarespace-cdn.com/content/v1/5b68a4e4a2772c2a206180a1/1543522398839-81EY1UK9MBQI11WR180C/economicwarfare.png,1543522398839-81EY1UK9MBQI11WR180C_economicwarfare.png
https://images.squarespace-cdn.com/content/v1/5b68a4e4a2772c2a206180a1/1543522464595-WFWPRBOL964X9SZ8TXCG/vk.png,1543522464595-WFWPRBOL964X9SZ8TXCG_vk.png
https://images.squarespace-cdn.com/content/v1/5b68a4e4a2772c2a206180a1/1543522542438-M5QCLCDK6NBPMY117LNI/vk.png,1543522542438-M5QCLCDK6NBPMY117LNI_vk.png
https://images.squarespace-cdn.com/content/v1/5b68a4e4a2772c2a206180a1/1543522600597-0OJ9FZXT0YWLPTIAP2HD/sciencepalooza.png,1543522600597-0OJ9FZXT0YWLPTIAP2HD_sciencepalooza.png
https://images.squarespace-cdn.com/content/v1/5b68a4e4a2772c2a206180a1/1543522657710-0UFFV02PLG3R8U6KISGB/inquisitr.png,1543522657710-0UFFV02PLG3R8U6KISGB_inquisitr.png
https://images.squarespace-cdn.com/content/v1/5b68a4e4a2772c2a206180a1/1543522719656-RWO539FR7A4U6IQ26S3J/psychologytoday.png,1543522719656-RWO539FR7A4U6IQ26S3J_psychologytoday.png
https://images.squarespace-cdn.com/content/v1/5b68a4e4a2772c2a206180a1/1543522779152-EVBZV8XW1OX03E4M8VDB/birminghamurbannews.png,1543522779152-EVBZV8XW1OX03E4M8VDB_birminghamurbannews.png
https://images.squarespace-cdn.com/content/v1/5b68a4e4a2772c2a206180a1/1543522846631-A5HLIKD57DLOQL1XCIHG/thestandard.png,1543522846631-A5HLIKD57DLOQL1XCIHG_thestandard.png
https://images.squarespace-cdn.com/content/v1/5b68a4e4a2772c2a206180a1/1543522910436-BMEKYTCKVW1OTWKWUQLI/world.png,1543522910436-BMEKYTCKVW1OTWKWUQLI_world.png
https://images.squarespace-cdn.com/content/v1/5b68a4e4a2772c2a206180a1/1543522972273-BK12VGS6VLRC342MV3WV/dallasnews.jpg,1543522972273-BK12VGS6VLRC342MV3WV_dallasnews.jpg
https://images.squarespace-cdn.com/content/v1/5b68a4e4a2772c2a206180a1/1543523067126-OGEKMLQC1EZIEZDNF977/treehugger.png,1543523067126-OGEKMLQC1EZIEZDNF977_treehugger.png
https://images.squarespace-cdn.com/content/v1/5b68a4e4a2772c2a206180a1/1543523144026-T58NHTKSV5UBMEQIN1FV/treehugger.png,1543523144026-T58NHTKSV5UBMEQIN1FV_treehugger.png
https://images.squarespace-cdn.com/content/v1/5b68a4e4a2772c2a206180a1/1543523205467-2Z4SQXGZLF34AJU29MFV/volokhconspiracy.png,1543523205467-2Z4SQXGZLF34AJU29MFV_volokhconspiracy.png
https://images.squarespace-cdn.com/content/v1/5b68a4e4a2772c2a206180a1/1543523286043-6O3UG74E0U6TJ04S9Q0I/journalistsresource.png,1543523286043-6O3UG74E0U6TJ04S9Q0I_journalistsresource.png
https://images.squarespace-cdn.com/content/v1/5b68a4e4a2772c2a206180a1/1543523358277-UUO41ATQ5SAFPZNIL03G/instapundit.png,1543523358277-UUO41ATQ5SAFPZNIL03G_instapundit.png
https://images.squarespace-cdn.com/content/v1/5b68a4e4a2772c2a206180a1/1543523419550-6446SFM33PTNEW4YHQVF/agra-net.png,1543523419550-6446SFM33PTNEW4YHQVF_agra-net.png
https://images.squarespace-cdn.com/content/v1/5b68a4e4a2772c2a206180a1/1543523480201-HSA6SYMJYHL5JKXWEKQ7/agweb.png,1543523480201-HSA6SYMJYHL5JKXWEKQ7_agweb.png
https://images.squarespace-cdn.com/content/v1/5b68a4e4a2772c2a206180a1/1543523540198-1ECHOHRCVSLCNFYCXU39/yottapoint.png,1543523540198-1ECHOHRCVSLCNFYCXU39_yottapoint.png
https://images.squarespace-cdn.com/content/v1/5b68a4e4a2772c2a206180a1/1543523605781-XNFU93JVR3IVKDAY6A8P/elconfidencial.png,1543523605781-XNFU93JVR3IVKDAY6A8P_elconfidencial.png
https://images.squarespace-cdn.com/content/v1/5b68a4e4a2772c2a206180a1/1543523682693-LPY06HNZZXZAZ7SC9XLH/nationen.png,1543523682693-LPY06HNZZXZAZ7SC9XLH_nationen.png
https://images.squarespace-cdn.com/content/v1/5b68a4e4a2772c2a206180a1/1543523754172-215CVQIEK44NWPSODDD4/joop.png,1543523754172-215CVQIEK44NWPSODDD4_joop.png
https://images.squarespace-cdn.com/content/v1/5b68a4e4a2772c2a206180a1/1543523832308-HY18W2IOXP1MN6000CN0/hln.png,1543523832308-HY18W2IOXP1MN6000CN0_hln.png
https://images.squarespace-cdn.com/content/v1/5b68a4e4a2772c2a206180a1/1543523960713-H9AH1S5BGG1ERPNXTDZZ/metafilter.png,1543523960713-H9AH1S5BGG1ERPNXTDZZ_metafilter.png
https://images.squarespace-cdn.com/content/v1/5b68a4e4a2772c2a206180a1/1543524025227-PO11BSX7ME6E8SRSLZ4M/digg.png,1543524025227-PO11BSX7ME6E8SRSLZ4M_digg.png
https://images.squarespace-cdn.com/content/v1/5b68a4e4a2772c2a206180a1/1543524100104-8PS40GCLATDHYQT532GH/catnat.png,1543524100104-8PS40GCLATDHYQT532GH_catnat.png
https://images.squarespace-cdn.com/content/v1/5b68a4e4a2772c2a206180a1/1543524175444-QMTEFZAKXJOQ5LH14HGO/asktheexperts.png,1543524175444-QMTEFZAKXJOQ5LH14HGO_asktheexperts.png
https://images.squarespace-cdn.com/content/v1/5b68a4e4a2772c2a206180a1/1543524249677-3GGKR9HHTP7KBRKVU4ZR/fiftyfab.png,1543524249677-3GGKR9HHTP7KBRKVU4ZR_fiftyfab.png
https://images.squarespace-cdn.com/content/v1/5b68a4e4a2772c2a206180a1/1543524414272-D8XK8OHIKF0HHKDOMC53/lakabbale.png,1543524414272-D8XK8OHIKF0HHKDOMC53_lakabbale.png
https://images.squarespace-cdn.com/content/v1/5b68a4e4a2772c2a206180a1/1543524477865-LNBXKMLIHRKCQI7AYFIH/truthdig.png,1543524477865-LNBXKMLIHRKCQI7AYFIH_truthdig.png
https://images.squarespace-cdn.com/content/v1/5b68a4e4a2772c2a206180a1/1543524539270-TXE5SMR3N83VVXNYLHIZ/milpages.png,1543524539270-TXE5SMR3N83VVXNYLHIZ_milpages.png
https://images.squarespace-cdn.com/content/v1/5b68a4e4a2772c2a206180a1/1543524611742-BXFOVIRICSBYF5SOJYK8/commotiopopuli.png,1543524611742-BXFOVIRICSBYF5SOJYK8_commotiopopuli.png
https://images.squarespace-cdn.com/content/v1/5b68a4e4a2772c2a206180a1/1543524681117-RSM4YLR5OZYPS77H03VW/image-asset.png,1543524681117-RSM4YLR5OZYPS77H03VW_image-asset.png
https://images.squarespace-cdn.com/content/v1/5b68a4e4a2772c2a206180a1/1543524795659-UIZ6AA9Y8IXBGZWI0EIX/shtfplan.png,1543524795659-UIZ6AA9Y8IXBGZWI0EIX_shtfplan.png
https://images.squarespace-cdn.com/content/v1/5b68a4e4a2772c2a206180a1/1543524954775-CWDR7YTTU5ZHBASNT3VK/nachrichten.png,1543524954775-CWDR7YTTU5ZHBASNT3VK_nachrichten.png
https://images.squarespace-cdn.com/content/v1/5b68a4e4a2772c2a206180a1/1543525028934-1Y9BLSKDKV386YWINOG5/awakealiveaware.png,1543525028934-1Y9BLSKDKV386YWINOG5_awakealiveaware.png
https://images.squarespace-cdn.com/content/v1/5b68a4e4a2772c2a206180a1/1543525123880-NNC8B31GQAIR19J029E2/snapwire.png,1543525123880-NNC8B31GQAIR19J029E2_snapwire.png
https://images.squarespace-cdn.com/content/v1/5b68a4e4a2772c2a206180a1/1543525205468-PMQOG7QYPYPC2O63CDYS/investmentwatch.png,1543525205468-PMQOG7QYPYPC2O63CDYS_investmentwatch.png
https://images.squarespace-cdn.com/content/v1/5b68a4e4a2772c2a206180a1/1543525281210-6G44WPX1NLAXUI7IGNC7/this14u.png,1543525281210-6G44WPX1NLAXUI7IGNC7_this14u.png
https://images.squarespace-cdn.com/content/v1/5b68a4e4a2772c2a206180a1/1543525360221-GQ7MHENRZG8MJ3Y1QJL8/taloussanomat.png,1543525360221-GQ7MHENRZG8MJ3Y1QJL8_taloussanomat.png
https://images.squarespace-cdn.com/content/v1/5b68a4e4a2772c2a206180a1/1543525433468-WQ0WRIWFTVYRSQIPYQMS/delfiverslas.png,1543525433468-WQ0WRIWFTVYRSQIPYQMS_delfiverslas.png
https://images.squarespace-cdn.com/content/v1/5b68a4e4a2772c2a206180a1/1543525528248-MRAXSSZJUBW2DNGGBX4M/image-asset.png,1543525528248-MRAXSSZJUBW2DNGGBX4M_image-asset.png
https://images.squarespace-cdn.com/content/v1/5b68a4e4a2772c2a206180a1/1543525610355-OU0ZVX4IN70LM9WPANXO/enational.png,1543525610355-OU0ZVX4IN70LM9WPANXO_enational.png
https://images.squarespace-cdn.com/content/v1/5b68a4e4a2772c2a206180a1/1543525685954-OEW0HDXOMFHD4JFPR034/dailybusiness.png,1543525685954-OEW0HDXOMFHD4JFPR034_dailybusiness.png
https://images.squarespace-cdn.com/content/v1/5b68a4e4a2772c2a206180a1/1543525756943-QC3TGITM9B1LJ2XL795D/dailybusiness.png,1543525756943-QC3TGITM9B1LJ2XL795D_dailybusiness.png
https://images.squarespace-cdn.com/content/v1/5b68a4e4a2772c2a206180a1/1543525827762-EQK1EBW4RH6EKAZU9MPI/luizprado.png,1543525827762-EQK1EBW4RH6EKAZU9MPI_luizprado.png
https://images.squarespace-cdn.com/content/v1/5b68a4e4a2772c2a206180a1/1543525902155-4HX8VGXOVLXIPDHB1TLF/grenzwissenschaftaktuell.png,1543525902155-4HX8VGXOVLXIPDHB1TLF_grenzwissenschaftaktuell.png
https://images.squarespace-cdn.com/content/v1/5b68a4e4a2772c2a206180a1/1543526010672-860ML8PFDI2F6WLVN8PW/fronteramexico.png,1543526010672-860ML8PFDI2F6WLVN8PW_fronteramexico.png
https://images.squarespace-cdn.com/content/v1/5b68a4e4a2772c2a206180a1/1543526097815-C4H2Y5612FNR86ODUFD2/economictimes.png,1543526097815-C4H2Y5612FNR86ODUFD2_economictimes.png
https://images.squarespace-cdn.com/content/v1/5b68a4e4a2772c2a206180a1/1543526421638-34L053DCB8BQ8392PFVB/dissidentvoice.png,1543526421638-34L053DCB8BQ8392PFVB_dissidentvoice.png
https://images.squarespace-cdn.com/content/v1/5b68a4e4a2772c2a206180a1/1543526460016-O6Y1PFN9SZHE2DEUQ9ZB/trouw.png,1543526460016-O6Y1PFN9SZHE2DEUQ9ZB_trouw.png
https://images.squarespace-cdn.com/content/v1/5b68a4e4a2772c2a206180a1/1543526505821-J9PH6CEJPBHVBD6K7JBA/demorgen.png,1543526505821-J9PH6CEJPBHVBD6K7JBA_demorgen.png
https://images.squarespace-cdn.com/content/v1/5b68a4e4a2772c2a206180a1/1543526569112-LMIJY2G76ZQWJ8NS973I/image-asset.png,1543526569112-LMIJY2G76ZQWJ8NS973I_image-asset.png
https://images.squarespace-cdn.com/content/v1/5b68a4e4a2772c2a206180a1/1543526604241-LH7GQ1OK4UJYTTBYECZR/worldnewslive.png,1543526604241-LH7GQ1OK4UJYTTBYECZR_worldnewslive.png
https://images.squarespace-cdn.com/content/v1/5b68a4e4a2772c2a206180a1/1543526663538-IFBH9UD7L3AUB90JFYZI/kaosenlared.png,1543526663538-IFBH9UD7L3AUB90JFYZI_kaosenlared.png
https://images.squarespace-cdn.com/content/v1/5b68a4e4a2772c2a206180a1/1543526713243-P2A6B1S7J62SGTHLVSXX/spacecity.png,1543526713243-P2A6B1S7J62SGTHLVSXX_spacecity.png
https://images.squarespace-cdn.com/content/v1/5b68a4e4a2772c2a206180a1/1543526745958-BLLMSO3XS1IKXZ0FALD8/myfalseworld.png,1543526745958-BLLMSO3XS1IKXZ0FALD8_myfalseworld.png
https://images.squarespace-cdn.com/content/v1/5b68a4e4a2772c2a206180a1/1543526806786-JPVB45M5322NPZVP3BQ2/dailybrisk.png,1543526806786-JPVB45M5322NPZVP3BQ2_dailybrisk.png
https://images.squarespace-cdn.com/content/v1/5b68a4e4a2772c2a206180a1/1543526852399-2E8FB35DAVDKC9HV2BU5/retreat.png,1543526852399-2E8FB35DAVDKC9HV2BU5_retreat.png
https://images.squarespace-cdn.com/content/v1/5b68a4e4a2772c2a206180a1/1543526879224-09WGB45TGFTAZYXG3ZWK/collapsenetwork.png,1543526879224-09WGB45TGFTAZYXG3ZWK_collapsenetwork.png
https://images.squarespace-cdn.com/content/v1/5b68a4e4a2772c2a206180a1/1543526945261-K1RBBIMLWZ05SDMU1BWG/thethingstocome.png,1543526945261-K1RBBIMLWZ05SDMU1BWG_thethingstocome.png
https://images.squarespace-cdn.com/content/v1/5b68a4e4a2772c2a206180a1/1543527013713-04WNM5J4DXGUERKAX8GS/awareamerican.png,1543527013713-04WNM5J4DXGUERKAX8GS_awareamerican.png
https://images.squarespace-cdn.com/content/v1/5b68a4e4a2772c2a206180a1/1543527044059-PZZ6SX34J5E0TWHHE4HP/sciencerr.png,1543527044059-PZZ6SX34J5E0TWHHE4HP_sciencerr.png
https://images.squarespace-cdn.com/content/v1/5b68a4e4a2772c2a206180a1/1543527103938-FGCF0CO5VP9W3L3FDCY3/deltanewstoday.png,1543527103938-FGCF0CO5VP9W3L3FDCY3_deltanewstoday.png
https://images.squarespace-cdn.com/content/v1/5b68a4e4a2772c2a206180a1/1543527170683-KZG2JGYBZX1HREVODD3K/tweetleaks.png,1543527170683-KZG2JGYBZX1HREVODD3K_tweetleaks.png
https://images.squarespace-cdn.com/content/v1/5b68a4e4a2772c2a206180a1/1543527196693-24OSMBQWHT8CNY708V8Y/onlineworldnews.png,1543527196693-24OSMBQWHT8CNY708V8Y_onlineworldnews.png
https://images.squarespace-cdn.com/content/v1/5b68a4e4a2772c2a206180a1/1543527252331-6J7TQO4C2YXSNSIX90FY/alltop.png,1543527252331-6J7TQO4C2YXSNSIX90FY_alltop.png
https://images.squarespace-cdn.com/content/v1/5b68a4e4a2772c2a206180a1/1543527310799-4YLHDPE695ERTPB25V78/revolutionradio.png,1543527310799-4YLHDPE695ERTPB25V78_revolutionradio.png
https://images.squarespace-cdn.com/content/v1/5b68a4e4a2772c2a206180a1/1543527340469-HWK3AC9TZTEVWBLL3J29/care2.png,1543527340469-HWK3AC9TZTEVWBLL3J29_care2.png
https://images.squarespace-cdn.com/content/v1/5b68a4e4a2772c2a206180a1/1543527398496-O0N8P2XY0EXVW1CPYE32/lancecore.png,1543527398496-O0N8P2XY0EXVW1CPYE32_lancecore.png
https://images.squarespace-cdn.com/content/v1/5b68a4e4a2772c2a206180a1/1543528822806-6AYNYRL66XACDHC2O8TS/3quarksdaily.png,1543528822806-6AYNYRL66XACDHC2O8TS_3quarksdaily.png
https://images.squarespace-cdn.com/content/v1/5b68a4e4a2772c2a206180a1/1543528861182-LJ88SOITMA5LC3XKMPCN/image-asset.png,1543528861182-LJ88SOITMA5LC3XKMPCN_image-asset.png
https://images.squarespace-cdn.com/content/v1/5b68a4e4a2772c2a206180a1/1543528931905-LMV0VOFDX8B845Z50KYO/dewaynenet.png,1543528931905-LMV0VOFDX8B845Z50KYO_dewaynenet.png
https://images.squarespace-cdn.com/content/v1/5b68a4e4a2772c2a206180a1/1543528977760-B5XSVCGR9WPZA62ZAP8L/commondreams.png,1543528977760-B5XSVCGR9WPZA62ZAP8L_commondreams.png
https://images.squarespace-cdn.com/content/v1/5b68a4e4a2772c2a206180a1/1543529006395-OQ08ZKQA3BVIH89LMZ5T/sott.png,1543529006395-OQ08ZKQA3BVIH89LMZ5T_sott.png
https://images.squarespace-cdn.com/content/v1/5b68a4e4a2772c2a206180a1/1543529067714-3UKM0U4KJSAPKV2O69FP/psfk.png,1543529067714-3UKM0U4KJSAPKV2O69FP_psfk.png
https://images.squarespace-cdn.com/content/v1/5b68a4e4a2772c2a206180a1/1543529124313-E8AEZ9L622Z0I9QAAWZO/image-asset.png,1543529124313-E8AEZ9L622Z0I9QAAWZO_image-asset.png
https://images.squarespace-cdn.com/content/v1/5b68a4e4a2772c2a206180a1/1543529162432-DD2C3Y5WXUSHZ3438C42/socioeconomicshistoryblog.png,1543529162432-DD2C3Y5WXUSHZ3438C42_socioeconomicshistoryblog.png
https://images.squarespace-cdn.com/content/v1/5b68a4e4a2772c2a206180a1/1543529218396-TY2TMT8DE5YV234CLDCQ/comedonchisciotte.png,1543529218396-TY2TMT8DE5YV234CLDCQ_comedonchisciotte.png
https://images.squarespace-cdn.com/content/v1/5b68a4e4a2772c2a206180a1/1543529286779-QZFME6DKOGR9664219PI/sinpermiso.png,1543529286779-QZFME6DKOGR9664219PI_sinpermiso.png
https://images.squarespace-cdn.com/content/v1/5b68a4e4a2772c2a206180a1/1543529312103-2SU3AYPUCEJ7ODI0J9XD/stockhouse.png,1543529312103-2SU3AYPUCEJ7ODI0J9XD_stockhouse.png
https://images.squarespace-cdn.com/content/v1/5b68a4e4a2772c2a206180a1/1543529370382-EQ1LG11LBRB7H9GD1Z7H/themarketoracle.png,1543529370382-EQ1LG11LBRB7H9GD1Z7H_themarketoracle.png
https://images.squarespace-cdn.com/content/v1/5b68a4e4a2772c2a206180a1/1543529440012-X7KNQ9BTF0KY7IM6P93W/oakshirefinancial.png,1543529440012-X7KNQ9BTF0KY7IM6P93W_oakshirefinancial.png
https://images.squarespace-cdn.com/content/v1/5b68a4e4a2772c2a206180a1/1579617455143-88XFPG94T43DF61NOUR4/naturephysics.png,1579617455143-88XFPG94T43DF61NOUR4_naturephysics.png
https://images.squarespace-cdn.com/content/v1/5b68a4e4a2772c2a206180a1/1579629526136-KJ9KTEK97RWUHYXOLI2E/MITnews.png,1579629526136-KJ9KTEK97RWUHYXOLI2E_MITnews.png
https://images.squarespace-cdn.com/content/v1/5b68a4e4a2772c2a206180a1/1580327562889-N5HE5ADZ6GBK1WBZ0XJ2/arstechnica.jpg,1580327562889-N5HE5ADZ6GBK1WBZ0XJ2_arstechnica.jpg
https://images.squarespace-cdn.com/content/v1/5b68a4e4a2772c2a206180a1/1579629824054-37UUC95ZH3QBKZBBIQ65/sciglow.png,1579629824054-37UUC95ZH3QBKZBBIQ65_sciglow.png
https://images.squarespace-cdn.com/content/v1/5b68a4e4a2772c2a206180a1/1580505472989-PD81G6Z0E581KKQFWLHQ/physorg1.png,1580505472989-PD81G6Z0E581KKQFWLHQ_physorg1.png
https://images.squarespace-cdn.com/content/v1/5b68a4e4a2772c2a206180a1/1579703487570-FOA1IXAS4EG48YMLYA0Y/physorg1.png,1579703487570-FOA1IXAS4EG48YMLYA0Y_physorg1.png
https://images.squarespace-cdn.com/content/v1/5b68a4e4a2772c2a206180a1/1579703414682-WMBTNRHQURE0WNO20YYW/scitechdaily.png,1579703414682-WMBTNRHQURE0WNO20YYW_scitechdaily.png
https://images.squarespace-cdn.com/content/v1/5b68a4e4a2772c2a206180a1/1580222122853-VS5R9DA85JX3KJKUC42J/wissenschaft-aktuell.png,1580222122853-VS5R9DA85JX3KJKUC42J_wissenschaft-aktuell.png
https://images.squarespace-cdn.com/content/v1/5b68a4e4a2772c2a206180a1/1580222459872-4HHY2B5MYZMKIJS2K9XE/tuttotek-standard.png,1580222459872-4HHY2B5MYZMKIJS2K9XE_tuttotek-standard.png
https://images.squarespace-cdn.com/content/v1/5b68a4e4a2772c2a206180a1/1580235814983-41L71UPAMANONKW2MTJ9/science-blog.png,1580235814983-41L71UPAMANONKW2MTJ9_science-blog.png
https://images.squarespace-cdn.com/content/v1/5b68a4e4a2772c2a206180a1/1578422011988-1B4SFKMCKBHGREFE4M2J/CoverArt.jpg,1578422011988-1B4SFKMCKBHGREFE4M2J_CoverArt.jpg
https://images.squarespace-cdn.com/content/v1/5b68a4e4a2772c2a206180a1/1542656016179-FW4YHR5RJFYT8IB2BW4C/noodles.jpg?format=2500w,1542656016179-FW4YHR5RJFYT8IB2BW4C_noodles.jpg?format=2500w
https://images.squarespace-cdn.com/content/v1/5b68a4e4a2772c2a206180a1/1544211527654-GGLZMGIJLH9JLKZ9R0T3/sciencenews.png,1544211527654-GGLZMGIJLH9JLKZ9R0T3_sciencenews.png
https://images.squarespace-cdn.com/content/v1/5b68a4e4a2772c2a206180a1/1544211559673-ZV3L6IKBFV9IRYR23F8Z/physorg1.png,1544211559673-ZV3L6IKBFV9IRYR23F8Z_physorg1.png
https://images.squarespace-cdn.com/content/v1/5b68a4e4a2772c2a206180a1/1544211585822-TNE3AI3YGWSZ8P7O39Y9/boingboing.png,1544211585822-TNE3AI3YGWSZ8P7O39Y9_boingboing.png
https://images.squarespace-cdn.com/content/v1/5b68a4e4a2772c2a206180a1/1544211615997-CTBJ38YRNNJNLAJYHASX/earthtimes.png,1544211615997-CTBJ38YRNNJNLAJYHASX_earthtimes.png
https://images.squarespace-cdn.com/content/v1/5b68a4e4a2772c2a206180a1/1544211641317-B26CV45OK6H7ZIWQSN89/newsvine.png,1544211641317-B26CV45OK6H7ZIWQSN89_newsvine.png
https://images.squarespace-cdn.com/content/v1/5b68a4e4a2772c2a206180a1/1544211668677-4HXUE1UUQ8O4L7YD6OZQ/reddit.png,1544211668677-4HXUE1UUQ8O4L7YD6OZQ_reddit.png
https://images.squarespace-cdn.com/content/v1/5b68a4e4a2772c2a206180a1/1544211698896-ILL7DOFTKRQ9U9NGAT83/image-asset.png,1544211698896-ILL7DOFTKRQ9U9NGAT83_image-asset.png
https://images.squarespace-cdn.com/content/v1/5b68a4e4a2772c2a206180a1/1544211742382-5R67O55YG5G7L5QIVPCN/thetrader.png,1544211742382-5R67O55YG5G7L5QIVPCN_thetrader.png
https://images.squarespace-cdn.com/content/v1/5b68a4e4a2772c2a206180a1/1544211770419-NE96CU23448BDARYPS3T/infectiousgreed.png,1544211770419-NE96CU23448BDARYPS3T_infectiousgreed.png
https://images.squarespace-cdn.com/content/v1/5b68a4e4a2772c2a206180a1/1544211799853-QHQJIL1DFUZSZI2OXYPU/techrev.png,1544211799853-QHQJIL1DFUZSZI2OXYPU_techrev.png
https://images.squarespace-cdn.com/content/v1/5b68a4e4a2772c2a206180a1/1544211831505-FT551Z52E1WOKBRTRJT4/econophysics.png,1544211831505-FT551Z52E1WOKBRTRJT4_econophysics.png
https://images.squarespace-cdn.com/content/v1/5b68a4e4a2772c2a206180a1/1544211869744-M16K3U2JETQJED6UNB3G/nakedcapitalism.png,1544211869744-M16K3U2JETQJED6UNB3G_nakedcapitalism.png
https://images.squarespace-cdn.com/content/v1/5b68a4e4a2772c2a206180a1/1544211914064-2JW565XFDVYE11DCWP24/planbeconomics.png,1544211914064-2JW565XFDVYE11DCWP24_planbeconomics.png
https://images.squarespace-cdn.com/content/v1/5b68a4e4a2772c2a206180a1/1544211946049-URTBKCCAUQU5WYHSEO5L/image-asset.png,1544211946049-URTBKCCAUQU5WYHSEO5L_image-asset.png
https://images.squarespace-cdn.com/content/v1/5b68a4e4a2772c2a206180a1/1544211981251-LK7NE4QTEXMOHDVMOA5B/mybanktracker.png,1544211981251-LK7NE4QTEXMOHDVMOA5B_mybanktracker.png
https://images.squarespace-cdn.com/content/v1/5b68a4e4a2772c2a206180a1/1544212031886-RDH00QJ7PID2AI58L3M3/osel.png,1544212031886-RDH00QJ7PID2AI58L3M3_osel.png
https://images.squarespace-cdn.com/content/v1/5b68a4e4a2772c2a206180a1/1544212063329-DYDPBFVWSPGLKULIIB1U/image-asset.png,1544212063329-DYDPBFVWSPGLKULIIB1U_image-asset.png
https://images.squarespace-cdn.com/content/v1/5b68a4e4a2772c2a206180a1/1544212099320-U60C7S1QSSTQS7E0DSDV/surlytrader.png,1544212099320-U60C7S1QSSTQS7E0DSDV_surlytrader.png
https://images.squarespace-cdn.com/content/v1/5b68a4e4a2772c2a206180a1/1544212127456-PCIH5A4425W1UHBJEWI4/image-asset.png,1544212127456-PCIH5A4425W1UHBJEWI4_image-asset.png
https://images.squarespace-cdn.com/content/v1/5b68a4e4a2772c2a206180a1/1544212155659-LMHH8OIGGB52FAJ24UFG/image-asset.png,1544212155659-LMHH8OIGGB52FAJ24UFG_image-asset.png
https://images.squarespace-cdn.com/content/v1/5b68a4e4a2772c2a206180a1/1544212192593-AX9UVXCZGFDQ43VA35PU/silobreaker.png,1544212192593-AX9UVXCZGFDQ43VA35PU_silobreaker.png
https://images.squarespace-cdn.com/content/v1/5b68a4e4a2772c2a206180a1/1544212227249-9ESCXJD7Y6TN3D3QKAG0/askwhyblogger.png,1544212227249-9ESCXJD7Y6TN3D3QKAG0_askwhyblogger.png
https://images.squarespace-cdn.com/content/v1/5b68a4e4a2772c2a206180a1/1544212261081-3J26IOHM66TYB1397GTB/abualfin.png,1544212261081-3J26IOHM66TYB1397GTB_abualfin.png
https://images.squarespace-cdn.com/content/v1/5b68a4e4a2772c2a206180a1/1544212302969-8KVUIQ5EDCXUHDXLF4IV/gata.png,1544212302969-8KVUIQ5EDCXUHDXLF4IV_gata.png
https://images.squarespace-cdn.com/content/v1/5b68a4e4a2772c2a206180a1/1544212344415-GB8I5WW0FHQGAI95R6ZZ/morelivers.png,1544212344415-GB8I5WW0FHQGAI95R6ZZ_morelivers.png
https://images.squarespace-cdn.com/content/v1/5b68a4e4a2772c2a206180a1/1544212363271-TE6R3RU381RJ4BAQNFFL/silobreaker.png,1544212363271-TE6R3RU381RJ4BAQNFFL_silobreaker.png
https://images.squarespace-cdn.com/content/v1/5b68a4e4a2772c2a206180a1/1544212392323-UX39TK5R1H1HNMOLZ9DW/tickreel.png,1544212392323-UX39TK5R1H1HNMOLZ9DW_tickreel.png
https://images.squarespace-cdn.com/content/v1/5b68a4e4a2772c2a206180a1/1544212419199-0USN4AY1LG3FP3XIXWM6/worldnews.png,1544212419199-0USN4AY1LG3FP3XIXWM6_worldnews.png
https://images.squarespace-cdn.com/content/v1/5b68a4e4a2772c2a206180a1/1544212438805-G12KPIEQT2P0S1YCE4IT/image-asset.png,1544212438805-G12KPIEQT2P0S1YCE4IT_image-asset.png
https://images.squarespace-cdn.com/content/v1/5b68a4e4a2772c2a206180a1/1544212463887-B979UVR9FKNNL7PHFYQ4/democraticunderground.png,1544212463887-B979UVR9FKNNL7PHFYQ4_democraticunderground.png
https://images.squarespace-cdn.com/content/v1/5b68a4e4a2772c2a206180a1/1544212487328-WC87LU1YQ8095KQ5UFQN/inagist.png,1544212487328-WC87LU1YQ8095KQ5UFQN_inagist.png
https://images.squarespace-cdn.com/content/v1/5b68a4e4a2772c2a206180a1/1544212504182-CHR98LY9M8D80ZK9XO3W/climateerinvesting.png,1544212504182-CHR98LY9M8D80ZK9XO3W_climateerinvesting.png
https://images.squarespace-cdn.com/content/v1/5b68a4e4a2772c2a206180a1/1544212531093-C8WWUJ8XOO35F2HTTR0I/image-asset.png,1544212531093-C8WWUJ8XOO35F2HTTR0I_image-asset.png
https://images.squarespace-cdn.com/content/v1/5b68a4e4a2772c2a206180a1/1544212558526-G8MFO6SXUTXG207G6W15/billgatesquotesoneducation.png,1544212558526-G8MFO6SXUTXG207G6W15_billgatesquotesoneducation.png
https://images.squarespace-cdn.com/content/v1/5b68a4e4a2772c2a206180a1/1544212578232-7TZOZZ5P05HODJYPXR20/brotherjohnf.png,1544212578232-7TZOZZ5P05HODJYPXR20_brotherjohnf.png
https://images.squarespace-cdn.com/content/v1/5b68a4e4a2772c2a206180a1/1542386424999-BNHGM529G0D1ODO2LW1F/huangprl2005_fig01a.gif,1542386424999-BNHGM529G0D1ODO2LW1F_huangprl2005_fig01a.gif
https://images.squarespace-cdn.com/content/v1/5b68a4e4a2772c2a206180a1/1542386452655-J3HWPJ4W6T0QVOCA1XQD/huangprl2005_fig01b.jpg,1542386452655-J3HWPJ4W6T0QVOCA1XQD_huangprl2005_fig01b.jpg
https://images.squarespace-cdn.com/content/v1/5b68a4e4a2772c2a206180a1/1542386550316-IIL0GJVJURBGY1NKB591/bivortpnas2004_fig04a.jpg,1542386550316-IIL0GJVJURBGY1NKB591_bivortpnas2004_fig04a.jpg
https://images.squarespace-cdn.com/content/v1/5b68a4e4a2772c2a206180a1/1542386567551-JLTRDO6UZMTC6X9XDUGZ/bivortpnas2004_fig04b.jpg,1542386567551-JLTRDO6UZMTC6X9XDUGZ_bivortpnas2004_fig04b.jpg
https://images.squarespace-cdn.com/content/v1/5b68a4e4a2772c2a206180a1/1542386722857-H0OAZOELOQ8W6WCAL1V7/werfelpnas2004_fig01.jpg,1542386722857-H0OAZOELOQ8W6WCAL1V7_werfelpnas2004_fig01.jpg
https://images.squarespace-cdn.com/content/v1/5b68a4e4a2772c2a206180a1/1542386907700-M17Y46WSO64L1M11VQGG/rauchjtb2003_fig01.jpg,1542386907700-M17Y46WSO64L1M11VQGG_rauchjtb2003_fig01.jpg
https://images.squarespace-cdn.com/content/v1/5b68a4e4a2772c2a206180a1/1542386938510-PFV1STRBTVPFQ6UTZAGG/rauchjtb2003_fig02.jpg,1542386938510-PFV1STRBTVPFQ6UTZAGG_rauchjtb2003_fig02.jpg
https://images.squarespace-cdn.com/content/v1/5b68a4e4a2772c2a206180a1/1542386951732-C0RLFOJTD7E7QNV9G6SL/rauchjtb2003_fig09.jpg,1542386951732-C0RLFOJTD7E7QNV9G6SL_rauchjtb2003_fig09.jpg
https://images.squarespace-cdn.com/content/v1/5b68a4e4a2772c2a206180a1/1542387349953-C7X5927AE1KS7L4TM6VT/sayamaforma2003_fig02.jpg,1542387349953-C7X5927AE1KS7L4TM6VT_sayamaforma2003_fig02.jpg
https://images.squarespace-cdn.com/content/v1/5b68a4e4a2772c2a206180a1/1542387446569-TVQ2NJ16VOIBC9UFJFQY/image-asset.jpeg,1542387446569-TVQ2NJ16VOIBC9UFJFQY_image-asset.jpeg
https://images.squarespace-cdn.com/content/v1/5b68a4e4a2772c2a206180a1/1542387369809-JRKK2Q834XY3ZP9U6645/sayamaforma2003_fig01.jpg,1542387369809-JRKK2Q834XY3ZP9U6645_sayamaforma2003_fig01.jpg
https://images.squarespace-cdn.com/content/v1/5b68a4e4a2772c2a206180a1/1542387624567-QB9D08441NYBX68DGB9S/sayamanato2001_fig06.jpg,1542387624567-QB9D08441NYBX68DGB9S_sayamanato2001_fig06.jpg
https://images.squarespace-cdn.com/content/v1/5b68a4e4a2772c2a206180a1/1701732760964-0S58OC0PU5IR4LBTRRYV/Support+Levels-02.jpg?format=750w,1701732760964-0S58OC0PU5IR4LBTRRYV_Support+Levels-02.jpg?format=750w
https://images.squarespace-cdn.com/content/v1/5b68a4e4a2772c2a206180a1/1701732734376-LFE6J2ZXAVUZBCNEKA33/Support+Levels-03.jpg?format=750w,1701732734376-LFE6J2ZXAVUZBCNEKA33_Support+Levels-03.jpg?format=750w
https://images.squarespace-cdn.com/content/v1/5b68a4e4a2772c2a206180a1/1701732696200-UQTKUQ6CA3CWD09ERWEP/Support+Levels-04.jpg?format=750w,1701732696200-UQTKUQ6CA3CWD09ERWEP_Support+Levels-04.jpg?format=750w
https://images.squarespace-cdn.com/content/v1/5b68a4e4a2772c2a206180a1/1701732603367-ESIFSQN225ZWGD2R93IN/Support+Levels-05.jpg?format=750w,1701732603367-ESIFSQN225ZWGD2R93IN_Support+Levels-05.jpg?format=750w
https://images.squarespace-cdn.com/content/v1/5b68a4e4a2772c2a206180a1/1572355910306-M1HLJUP26L2NQKUBNXLH/ataro.jpg,1572355910306-M1HLJUP26L2NQKUBNXLH_ataro.jpg
https://images.squarespace-cdn.com/content/v1/5b68a4e4a2772c2a206180a1/1598967166589-3H0NW9IPTDKBYB5GMF1L/Screen+Shot+2020-09-01+at+9.31.55+AM.png,1598967166589-3H0NW9IPTDKBYB5GMF1L_Screen+Shot+2020-09-01+at+9.31.55+AM.png
https://images.squarespace-cdn.com/content/v1/5b68a4e4a2772c2a206180a1/1543592724606-K2UPTL0LJ3W4FLX68EP9/blue3.png,1543592724606-K2UPTL0LJ3W4FLX68EP9_blue3.png
https://images.squarespace-cdn.com/content/v1/5b68a4e4a2772c2a206180a1/1542746170798-9PCT02ZKCBPXR179T1J6/borrow_A.png,1542746170798-9PCT02ZKCBPXR179T1J6_borrow_A.png
https://images.squarespace-cdn.com/content/v1/5b68a4e4a2772c2a206180a1/1542746181133-N0MH26OPPUHTP8X6IIZS/borrow_B.png,1542746181133-N0MH26OPPUHTP8X6IIZS_borrow_B.png
https://images.squarespace-cdn.com/content/v1/5b68a4e4a2772c2a206180a1/1542746218746-I2S61N7O816M94RB0SOQ/image-asset.png,1542746218746-I2S61N7O816M94RB0SOQ_image-asset.png
https://images.squarespace-cdn.com/content/v1/5b68a4e4a2772c2a206180a1/1542746264237-FH1DWT469R1ZP8Z496WN/interest.png,1542746264237-FH1DWT469R1ZP8Z496WN_interest.png
https://images.squarespace-cdn.com/content/v1/5b68a4e4a2772c2a206180a1/1544197720304-63731QGD3Z2YTONINWRK/image-asset.gif,1544197720304-63731QGD3Z2YTONINWRK_image-asset.gif
https://images.squarespace-cdn.com/content/v1/5b68a4e4a2772c2a206180a1/1544197748206-VN95H75P0OV52DW96E95/image-asset.jpeg,1544197748206-VN95H75P0OV52DW96E95_image-asset.jpeg
https://images.squarespace-cdn.com/content/v1/5b68a4e4a2772c2a206180a1/1546288042652-1ATRID1EVGZUWGJICBIS/giraffe.jpg,1546288042652-1ATRID1EVGZUWGJICBIS_giraffe.jpg
https://images.squarespace-cdn.com/content/v1/5b68a4e4a2772c2a206180a1/1621892670218-03WVAHQJKRTYE5QK50XO/blue-background3.png?format=2500w,1621892670218-03WVAHQJKRTYE5QK50XO_blue-background3.png?format=2500w
https://images.squarespace-cdn.com/content/v1/5b68a4e4a2772c2a206180a1/1544113854513-MDGY9RQ4D1KR4UGDYLMO/MAD.png,1544113854513-MDGY9RQ4D1KR4UGDYLMO_MAD.png
https://images.squarespace-cdn.com/content/v1/5b68a4e4a2772c2a206180a1/1542388629837-TL0176TB4I2QA1AVS4UD/Airplane_cherry_2.png,1542388629837-TL0176TB4I2QA1AVS4UD_Airplane_cherry_2.png
https://images.squarespace-cdn.com/content/v1/5b68a4e4a2772c2a206180a1/1544029288476-EFEXJD93G918SE7J282Z/infographic2.png,1544029288476-EFEXJD93G918SE7J282Z_infographic2.png
https://images.squarespace-cdn.com/content/v1/5b68a4e4a2772c2a206180a1/1544029354777-4ESI1S05UF2G666NH926/blue3.png,1544029354777-4ESI1S05UF2G666NH926_blue3.png
https://images.squarespace-cdn.com/content/v1/5b68a4e4a2772c2a206180a1/1541800456646-L838162K4JXIAQ4AWWTT/image-asset.jpeg,1541800456646-L838162K4JXIAQ4AWWTT_image-asset.jpeg
https://images.squarespace-cdn.com/content/v1/5b68a4e4a2772c2a206180a1/1541797419108-NKODGRT98XKL59KP8ISS/fig1_crises.png,1541797419108-NKODGRT98XKL59KP8ISS_fig1_crises.png
https://images.squarespace-cdn.com/content/v1/5b68a4e4a2772c2a206180a1/1541797430994-NQPXHIIVRPE82V2H9980/image-asset.png,1541797430994-NQPXHIIVRPE82V2H9980_image-asset.png
https://images.squarespace-cdn.com/content/v1/5b68a4e4a2772c2a206180a1/1543269496670-7J85VMUK2CNX98DMXMUC/internet2analysis.jpg,1543269496670-7J85VMUK2CNX98DMXMUC_internet2analysis.jpg
https://images.squarespace-cdn.com/content/v1/5b68a4e4a2772c2a206180a1/1543269540903-TM1FCYXEV77XL1YO0RFQ/marketinterdependence.jpg,1543269540903-TM1FCYXEV77XL1YO0RFQ_marketinterdependence.jpg
https://images.squarespace-cdn.com/content/v1/5b68a4e4a2772c2a206180a1/1542298341857-AZHEB1OEQD1VMON1PNQQ/Leautier.jpg,1542298341857-AZHEB1OEQD1VMON1PNQQ_Leautier.jpg
https://images.squarespace-cdn.com/content/v1/5b68a4e4a2772c2a206180a1/1543611525368-MX7Y9FO3BNESUV6IEX4F/scaling.png,1543611525368-MX7Y9FO3BNESUV6IEX4F_scaling.png
https://images.squarespace-cdn.com/content/v1/5b68a4e4a2772c2a206180a1/1543611585460-NJWAYOHM2ES0EC1FRJR7/blue3.png,1543611585460-NJWAYOHM2ES0EC1FRJR7_blue3.png
https://images.squarespace-cdn.com/content/v1/5b68a4e4a2772c2a206180a1/1543611665820-Z7XBS5SDYBFCXM177NJH/image-asset.png,1543611665820-Z7XBS5SDYBFCXM177NJH_image-asset.png
https://images.squarespace-cdn.com/content/v1/5b68a4e4a2772c2a206180a1/1543611728162-NQZH18BN8T8MQA8XR1Y2/emergingmarkets.png,1543611728162-NQZH18BN8T8MQA8XR1Y2_emergingmarkets.png
https://images.squarespace-cdn.com/content/v1/5b68a4e4a2772c2a206180a1/1543611768729-CKYIL7W63GAOEY9DWR4R/humiliationstudies.png,1543611768729-CKYIL7W63GAOEY9DWR4R_humiliationstudies.png
https://images.squarespace-cdn.com/content/v1/5b68a4e4a2772c2a206180a1/1543611796429-2P2WCWKWRZQZHAQ0B2MH/triplecrisis.png,1543611796429-2P2WCWKWRZQZHAQ0B2MH_triplecrisis.png
https://images.squarespace-cdn.com/content/v1/5b68a4e4a2772c2a206180a1/1586265705785-RCHUWCH61TR8SOF26AG9/5weeks.png,1586265705785-RCHUWCH61TR8SOF26AG9_5weeks.png
https://images.squarespace-cdn.com/content/v1/5b68a4e4a2772c2a206180a1/1543611082566-1SHS4ZIREWRN8NCHT4UD/image-asset.png,1543611082566-1SHS4ZIREWRN8NCHT4UD_image-asset.png
https://images.squarespace-cdn.com/content/v1/5b68a4e4a2772c2a206180a1/1543611109799-I99P8MMVG48804NHBDS6/maizecerealviolence.png,1543611109799-I99P8MMVG48804NHBDS6_maizecerealviolence.png
https://images.squarespace-cdn.com/content/v1/5b68a4e4a2772c2a206180a1/1543611135989-R20YXOLDD17LKA29XQV1/image-asset.png,1543611135989-R20YXOLDD17LKA29XQV1_image-asset.png
https://images.squarespace-cdn.com/content/v1/5b68a4e4a2772c2a206180a1/1543611218958-2BO4ZFV7LFK9RIR053LJ/techrev.png,1543611218958-2BO4ZFV7LFK9RIR053LJ_techrev.png
https://images.squarespace-cdn.com/content/v1/5b68a4e4a2772c2a206180a1/1543611246562-LZY3Y7CFGV95WIURHK0T/financialmail.png,1543611246562-LZY3Y7CFGV95WIURHK0T_financialmail.png
https://images.squarespace-cdn.com/content/v1/5b68a4e4a2772c2a206180a1/1543611276016-T0MZ3ICJ6V645802JFE0/motherboard.png,1543611276016-T0MZ3ICJ6V645802JFE0_motherboard.png
https://images.squarespace-cdn.com/content/v1/5b68a4e4a2772c2a206180a1/1544113409621-HO21QPXFDGUWM2YAWF62/whowhatwhy.png,1544113409621-HO21QPXFDGUWM2YAWF62_whowhatwhy.png
https://images.squarespace-cdn.com/content/v1/5b68a4e4a2772c2a206180a1/1544040509277-SBB3XE2MOCTIDQIBFRVT/image-asset.png,1544040509277-SBB3XE2MOCTIDQIBFRVT_image-asset.png
https://images.squarespace-cdn.com/content/v1/5b68a4e4a2772c2a206180a1/1544040570545-P7QDMHR3D4ATDWRH0Q2L/image-asset.jpeg,1544040570545-P7QDMHR3D4ATDWRH0Q2L_image-asset.jpeg
https://images.squarespace-cdn.com/content/v1/5b68a4e4a2772c2a206180a1/1544040678842-90F62V1N3TMBEMCTQNQ4/lifespan-plasticity2.jpg,1544040678842-90F62V1N3TMBEMCTQNQ4_lifespan-plasticity2.jpg
https://images.squarespace-cdn.com/content/v1/5b68a4e4a2772c2a206180a1/1544040806400-4FUK16BQENMDF5RFDSSZ/image-asset.png,1544040806400-4FUK16BQENMDF5RFDSSZ_image-asset.png
https://images.squarespace-cdn.com/content/v1/5b68a4e4a2772c2a206180a1/1544040845859-YAQQQIAZWU444671MYU9/image-asset.png,1544040845859-YAQQQIAZWU444671MYU9_image-asset.png
https://images.squarespace-cdn.com/content/v1/5b68a4e4a2772c2a206180a1/73e99a44-80c9-4e17-94cd-a23f771bf776/IMG_3229_sb_ps.JPG,73e99a44-80c9-4e17-94cd-a23f771bf776_IMG_3229_sb_ps.JPG
https://images.squarespace-cdn.com/content/v1/5b68a4e4a2772c2a206180a1/1586438102175-KVD5N01SUJFX9TN58PGS/Phases.png,1586438102175-KVD5N01SUJFX9TN58PGS_Phases.png
https://images.squarespace-cdn.com/content/v1/5b68a4e4a2772c2a206180a1/1546029424153-5UP2OWYJ6XVE9L17LUFV/image-asset.gif,1546029424153-5UP2OWYJ6XVE9L17LUFV_image-asset.gif
https://images.squarespace-cdn.com/content/v1/5b68a4e4a2772c2a206180a1/1543264497086-9NRZNIL3SG8IXYBGM62D/coverpage.jpg,1543264497086-9NRZNIL3SG8IXYBGM62D_coverpage.jpg
https://images.squarespace-cdn.com/content/v1/5b68a4e4a2772c2a206180a1/1543264576203-WJ7EX3ZDNDY76VSDZ2EN/map.png,1543264576203-WJ7EX3ZDNDY76VSDZ2EN_map.png
https://images.squarespace-cdn.com/content/v1/5b68a4e4a2772c2a206180a1/1543264685026-KXRTS4VR0HNAG868HA9F/17thstreetcanal.png,1543264685026-KXRTS4VR0HNAG868HA9F_17thstreetcanal.png
https://images.squarespace-cdn.com/content/v1/5b68a4e4a2772c2a206180a1/1543264809630-A8N6KODXDBWI0WTESJNO/001.png,1543264809630-A8N6KODXDBWI0WTESJNO_001.png
https://images.squarespace-cdn.com/content/v1/5b68a4e4a2772c2a206180a1/1543264887132-PA5KHS472N5L0OYBT42X/002.png,1543264887132-PA5KHS472N5L0OYBT42X_002.png
https://images.squarespace-cdn.com/content/v1/5b68a4e4a2772c2a206180a1/1543264934822-TR5X04TRBHI0LH0U85AN/lake.jpg,1543264934822-TR5X04TRBHI0LH0U85AN_lake.jpg
https://images.squarespace-cdn.com/content/v1/5b68a4e4a2772c2a206180a1/1543265067075-QSDFRV1871HCPRY6X2TK/lowerninth.png,1543265067075-QSDFRV1871HCPRY6X2TK_lowerninth.png
https://images.squarespace-cdn.com/content/v1/5b68a4e4a2772c2a206180a1/1543265206456-0IV1TGRKMQQMYRN6FNK5/018.png,1543265206456-0IV1TGRKMQQMYRN6FNK5_018.png
https://images.squarespace-cdn.com/content/v1/5b68a4e4a2772c2a206180a1/1543265206456-0IV1TGRKMQQMYRN6FNK5/018.png?format=1500w,1543265206456-0IV1TGRKMQQMYRN6FNK5_018.png?format=1500w
https://images.squarespace-cdn.com/content/v1/5b68a4e4a2772c2a206180a1/1543265217276-0E02LBB27OLHT9VVRBOL/024.png,1543265217276-0E02LBB27OLHT9VVRBOL_024.png
https://images.squarespace-cdn.com/content/v1/5b68a4e4a2772c2a206180a1/1543265217276-0E02LBB27OLHT9VVRBOL/024.png?format=1500w,1543265217276-0E02LBB27OLHT9VVRBOL_024.png?format=1500w
https://images.squarespace-cdn.com/content/v1/5b68a4e4a2772c2a206180a1/1543265223691-XP93U4OBV5YW54P8GG5E/023.png,1543265223691-XP93U4OBV5YW54P8GG5E_023.png
https://images.squarespace-cdn.com/content/v1/5b68a4e4a2772c2a206180a1/1543265223691-XP93U4OBV5YW54P8GG5E/023.png?format=1500w,1543265223691-XP93U4OBV5YW54P8GG5E_023.png?format=1500w
https://images.squarespace-cdn.com/content/v1/5b68a4e4a2772c2a206180a1/1543265231431-MYKHEJ5L7KU6NSMIXLHC/012.png,1543265231431-MYKHEJ5L7KU6NSMIXLHC_012.png
https://images.squarespace-cdn.com/content/v1/5b68a4e4a2772c2a206180a1/1543265231431-MYKHEJ5L7KU6NSMIXLHC/012.png?format=1500w,1543265231431-MYKHEJ5L7KU6NSMIXLHC_012.png?format=1500w
https://images.squarespace-cdn.com/content/v1/5b68a4e4a2772c2a206180a1/1543265239284-K0YG77NSLGODHXEKM8HA/013.png,1543265239284-K0YG77NSLGODHXEKM8HA_013.png
https://images.squarespace-cdn.com/content/v1/5b68a4e4a2772c2a206180a1/1543265239284-K0YG77NSLGODHXEKM8HA/013.png?format=1500w,1543265239284-K0YG77NSLGODHXEKM8HA_013.png?format=1500w
https://images.squarespace-cdn.com/content/v1/5b68a4e4a2772c2a206180a1/1543265245559-KX2BSHM8GA7BHJ7ISODW/019.png,1543265245559-KX2BSHM8GA7BHJ7ISODW_019.png
https://images.squarespace-cdn.com/content/v1/5b68a4e4a2772c2a206180a1/1543265245559-KX2BSHM8GA7BHJ7ISODW/019.png?format=1500w,1543265245559-KX2BSHM8GA7BHJ7ISODW_019.png?format=1500w
https://images.squarespace-cdn.com/content/v1/5b68a4e4a2772c2a206180a1/1543265252032-J6G5C0ZA52VGL8ZVCHMF/017.png,1543265252032-J6G5C0ZA52VGL8ZVCHMF_017.png
https://images.squarespace-cdn.com/content/v1/5b68a4e4a2772c2a206180a1/1543265252032-J6G5C0ZA52VGL8ZVCHMF/017.png?format=1500w,1543265252032-J6G5C0ZA52VGL8ZVCHMF_017.png?format=1500w
https://images.squarespace-cdn.com/content/v1/5b68a4e4a2772c2a206180a1/1543265258423-KUQB5MEOSAJX23I5A0KQ/022.png,1543265258423-KUQB5MEOSAJX23I5A0KQ_022.png
https://images.squarespace-cdn.com/content/v1/5b68a4e4a2772c2a206180a1/1543265258423-KUQB5MEOSAJX23I5A0KQ/022.png?format=1500w,1543265258423-KUQB5MEOSAJX23I5A0KQ_022.png?format=1500w
https://images.squarespace-cdn.com/content/v1/5b68a4e4a2772c2a206180a1/1543265265176-LZU77HF5QV84KX0C5NIJ/021.png,1543265265176-LZU77HF5QV84KX0C5NIJ_021.png
https://images.squarespace-cdn.com/content/v1/5b68a4e4a2772c2a206180a1/1543265265176-LZU77HF5QV84KX0C5NIJ/021.png?format=1500w,1543265265176-LZU77HF5QV84KX0C5NIJ_021.png?format=1500w
https://images.squarespace-cdn.com/content/v1/5b68a4e4a2772c2a206180a1/1543265424900-01MFVH2QK38YZQUS0FY7/009.jpg,1543265424900-01MFVH2QK38YZQUS0FY7_009.jpg
https://images.squarespace-cdn.com/content/v1/5b68a4e4a2772c2a206180a1/1543265491631-03JVS10WLIPPTYU6NJXT/010.jpg,1543265491631-03JVS10WLIPPTYU6NJXT_010.jpg
https://images.squarespace-cdn.com/content/v1/5b68a4e4a2772c2a206180a1/1541784494778-3BPP8L2IOBIXJZY16O5E/sterman.jpg,1541784494778-3BPP8L2IOBIXJZY16O5E_sterman.jpg
https://images.squarespace-cdn.com/content/v1/5b68a4e4a2772c2a206180a1/1543871746789-WFAPCL4JOTQQBGUWNA7M/blue3.png,1543871746789-WFAPCL4JOTQQBGUWNA7M_blue3.png
https://images.squarespace-cdn.com/content/v1/5b68a4e4a2772c2a206180a1/1543609923612-VJQLE8KCRVF014FEXFSR/image-asset.jpeg,1543609923612-VJQLE8KCRVF014FEXFSR_image-asset.jpeg
https://images.squarespace-cdn.com/content/v1/5b68a4e4a2772c2a206180a1/1543610007745-528L7YC8K2B5XZW77S1G/image-asset.png,1543610007745-528L7YC8K2B5XZW77S1G_image-asset.png
https://images.squarespace-cdn.com/content/v1/5b68a4e4a2772c2a206180a1/1543610057706-O8LJAM68AVX6TDO26EOS/fig1.png,1543610057706-O8LJAM68AVX6TDO26EOS_fig1.png
https://images.squarespace-cdn.com/content/v1/5b68a4e4a2772c2a206180a1/1543610091148-ZMUNZ8WLIDDDV6J6ZR14/image-asset.png,1543610091148-ZMUNZ8WLIDDDV6J6ZR14_image-asset.png
https://images.squarespace-cdn.com/content/v1/5b68a4e4a2772c2a206180a1/1572281829068-CFFBY8G6DGJ1KWA8CHQR/PastedGraphic-1.jpg,1572281829068-CFFBY8G6DGJ1KWA8CHQR_PastedGraphic-1.jpg
https://images-na.ssl-images-amazon.com/images/I/417jG35DEIL.jpg,I_417jG35DEIL.jpg
https://images.squarespace-cdn.com/content/v1/5b68a4e4a2772c2a206180a1/1562621912038-GIGYVJQQ3Z4ZBXBY6AI1/image-asset.jpeg?format=2500w,1562621912038-GIGYVJQQ3Z4ZBXBY6AI1_image-asset.jpeg?format=2500w
https://images.squarespace-cdn.com/content/v1/5b68a4e4a2772c2a206180a1/1563485571814-G0AL36IQ5U7HDAMTQ9V4/image-asset.jpeg?format=2500w,1563485571814-G0AL36IQ5U7HDAMTQ9V4_image-asset.jpeg?format=2500w
https://images.squarespace-cdn.com/content/v1/5b68a4e4a2772c2a206180a1/1562619214322-069DVV2HM6QMVO1CM72N/image-asset.jpeg?format=2500w,1562619214322-069DVV2HM6QMVO1CM72N_image-asset.jpeg?format=2500w
https://images.squarespace-cdn.com/content/v1/5b68a4e4a2772c2a206180a1/1562624334028-Q7ZP3K0DLUK534SCLDO7/image-asset.jpeg?format=2500w,1562624334028-Q7ZP3K0DLUK534SCLDO7_image-asset.jpeg?format=2500w
https://images.squarespace-cdn.com/content/v1/5b68a4e4a2772c2a206180a1/b64b3fb5-47c0-424e-bc57-82bb77d21434/NECSI+Pricing+-+Redone.jpg,b64b3fb5-47c0-424e-bc57-82bb77d21434_NECSI+Pricing+-+Redone.jpg
https://images.squarespace-cdn.com/content/v1/5b68a4e4a2772c2a206180a1/1617631824931-6VZJ2X6KH9YSC3TMAQY9/new-sponsor.png,1617631824931-6VZJ2X6KH9YSC3TMAQY9_new-sponsor.png
https://images.squarespace-cdn.com/content/v1/5b68a4e4a2772c2a206180a1/1543864969931-WE48RCA8OZA2XN5KPFEP/blue3.png,1543864969931-WE48RCA8OZA2XN5KPFEP_blue3.png
https://images.squarespace-cdn.com/content/v1/5b68a4e4a2772c2a206180a1/1543424644596-MRD2V2VV4X6T7QG8DBAX/motherboard.png,1543424644596-MRD2V2VV4X6T7QG8DBAX_motherboard.png
https://images.squarespace-cdn.com/content/v1/5b68a4e4a2772c2a206180a1/1543424704005-QT7YN8P01U9NGKQNUNE2/physorg1.png,1543424704005-QT7YN8P01U9NGKQNUNE2_physorg1.png
https://images.squarespace-cdn.com/content/v1/5b68a4e4a2772c2a206180a1/1543424766588-G3OBNMZBF4JOCIVERC4Q/homelandsecuritynewswire.png,1543424766588-G3OBNMZBF4JOCIVERC4Q_homelandsecuritynewswire.png
https://images.squarespace-cdn.com/content/v1/5b68a4e4a2772c2a206180a1/1543605572782-7E382OLW5I7YIYHT8QD6/blue3.png,1543605572782-7E382OLW5I7YIYHT8QD6_blue3.png
https://images.squarespace-cdn.com/content/v1/5b68a4e4a2772c2a206180a1/1544460914831-15XL7CMJ1UUQN8ORD58K/fig1.2.gif,1544460914831-15XL7CMJ1UUQN8ORD58K_fig1.2.gif
https://images.squarespace-cdn.com/content/v1/5b68a4e4a2772c2a206180a1/1544460939184-LD2NNA6GI4E4CEUS2BFV/fig2.gif,1544460939184-LD2NNA6GI4E4CEUS2BFV_fig2.gif
https://images.squarespace-cdn.com/content/v1/5b68a4e4a2772c2a206180a1/1542297466212-0FLUFUJQBNRZOTG7GR5V/gelbart.jpg,1542297466212-0FLUFUJQBNRZOTG7GR5V_gelbart.jpg
https://images.squarespace-cdn.com/content/v1/5b68a4e4a2772c2a206180a1/1614633279754-CSFHDJEPDBHPPSVMV221/Zero+Covid+Roadmap+2-1.png,1614633279754-CSFHDJEPDBHPPSVMV221_Zero+Covid+Roadmap+2-1.png
https://images.squarespace-cdn.com/content/v1/5b68a4e4a2772c2a206180a1/1614633424540-Y4BJL9JCZ78RJR3K8MG9/Zero+Covid+Roadmap+2-2.png,1614633424540-Y4BJL9JCZ78RJR3K8MG9_Zero+Covid+Roadmap+2-2.png
https://images-na.ssl-images-amazon.com/images/I/51tWFlQ1B1L.jpg,I_51tWFlQ1B1L.jpg
https://images.squarespace-cdn.com/content/v1/5b68a4e4a2772c2a206180a1/1541794954772-SNAXICCG51N9MPK5F00F/5stars.gif,1541794954772-SNAXICCG51N9MPK5F00F_5stars.gif
https://images.squarespace-cdn.com/content/v1/5b68a4e4a2772c2a206180a1/1541794618863-0V99VBX8NBTABHGMFKK6/realname.gif,1541794618863-0V99VBX8NBTABHGMFKK6_realname.gif
https://images.squarespace-cdn.com/content/v1/5b68a4e4a2772c2a206180a1/1541795066256-XOXANNPK5TZPRVBJLHZJ/5stars.gif,1541795066256-XOXANNPK5TZPRVBJLHZJ_5stars.gif
https://images.squarespace-cdn.com/content/v1/5b68a4e4a2772c2a206180a1/1541794789960-POXQ8W223T5M047N8ZPE/realname.gif,1541794789960-POXQ8W223T5M047N8ZPE_realname.gif
https://images.squarespace-cdn.com/content/v1/5b68a4e4a2772c2a206180a1/1541795460005-YG02THR16N6DWU9C0UV9/5stars.gif,1541795460005-YG02THR16N6DWU9C0UV9_5stars.gif
https://images.squarespace-cdn.com/content/v1/5b68a4e4a2772c2a206180a1/1541795490243-P1LQ39SIFKR7QRDWT3PS/5stars.gif,1541795490243-P1LQ39SIFKR7QRDWT3PS_5stars.gif
https://images.squarespace-cdn.com/content/v1/5b68a4e4a2772c2a206180a1/1541794826514-9KY05UQGIRC73X64DG07/realname.gif,1541794826514-9KY05UQGIRC73X64DG07_realname.gif
https://images.squarespace-cdn.com/content/v1/5b68a4e4a2772c2a206180a1/1541795526274-XFMBQBK1KJT71CP8I3L2/5stars.gif,1541795526274-XFMBQBK1KJT71CP8I3L2_5stars.gif
https://images.squarespace-cdn.com/content/v1/5b68a4e4a2772c2a206180a1/1541795577272-T5NAYDYBO20X323YYL7S/5stars.gif,1541795577272-T5NAYDYBO20X323YYL7S_5stars.gif
https://images.squarespace-cdn.com/content/v1/5b68a4e4a2772c2a206180a1/1541795615500-KOIV0A66D5D4JUVNQ3H6/5stars.gif,1541795615500-KOIV0A66D5D4JUVNQ3H6_5stars.gif
https://images.squarespace-cdn.com/content/v1/5b68a4e4a2772c2a206180a1/1541795685727-BD1SGOD861Z0XLDGLH4M/5stars.gif,1541795685727-BD1SGOD861Z0XLDGLH4M_5stars.gif
https://images.squarespace-cdn.com/content/v1/5b68a4e4a2772c2a206180a1/1541794871393-5CROMHVGYSE64N2QM8WJ/image-asset.gif,1541794871393-5CROMHVGYSE64N2QM8WJ_image-asset.gif
https://images.squarespace-cdn.com/content/v1/5b68a4e4a2772c2a206180a1/1542749732616-3Z3LJAXN2H4D9LDTG25X/woodcoal.jpg,1542749732616-3Z3LJAXN2H4D9LDTG25X_woodcoal.jpg
https://images.squarespace-cdn.com/content/v1/5b68a4e4a2772c2a206180a1/1543855994497-6R8Q6S1HP9N1MXBW2L18/image-asset.jpeg,1543855994497-6R8Q6S1HP9N1MXBW2L18_image-asset.jpeg
https://images.squarespace-cdn.com/content/v1/5b68a4e4a2772c2a206180a1/1543856024877-L7TB3S0DR1QB1IMLGS6Q/blue3.png,1543856024877-L7TB3S0DR1QB1IMLGS6Q_blue3.png
https://images.squarespace-cdn.com/content/v1/5b68a4e4a2772c2a206180a1/1543856102760-Y03268QMVM2SEZ1I8P45/popyard.png,1543856102760-Y03268QMVM2SEZ1I8P45_popyard.png
https://images.squarespace-cdn.com/content/v1/5b68a4e4a2772c2a206180a1/1543868030013-8QNO049KHTM7G1WUV8Q9/image-asset.png,1543868030013-8QNO049KHTM7G1WUV8Q9_image-asset.png
https://images.squarespace-cdn.com/content/v1/5b68a4e4a2772c2a206180a1/1544031965697-6OT30GA7PBNRSZTNRAFR/blue3.png,1544031965697-6OT30GA7PBNRSZTNRAFR_blue3.png
https://images.squarespace-cdn.com/content/v1/5b68a4e4a2772c2a206180a1/1544031993697-VB4N5I87UNSNBXILTGWZ/complexrouting.png,1544031993697-VB4N5I87UNSNBXILTGWZ_complexrouting.png
https://images.squarespace-cdn.com/content/v1/5b68a4e4a2772c2a206180a1/1544032019138-JL0UDS12PNUV31QUD340/teamadvantage.png,1544032019138-JL0UDS12PNUV31QUD340_teamadvantage.png
https://images.squarespace-cdn.com/content/v1/5b68a4e4a2772c2a206180a1/1593029364284-D1ZGHMJD70IOWCSENG1Z/CT_of_a_normal_abdomen_and_pelvis%2C_axial_plane_1+%281%29.png?format=2500w,1593029364284-D1ZGHMJD70IOWCSENG1Z_CT_of_a_normal_abdomen_and_pelvis%2C_axial_plane_1+%281%29.png?format=2500w
https://images.squarespace-cdn.com/content/v1/5b68a4e4a2772c2a206180a1/1543422272874-72LW2REBD7S6Z4W27L4Q/cityhallcrowd1.jpg?format=2500w,1543422272874-72LW2REBD7S6Z4W27L4Q_cityhallcrowd1.jpg?format=2500w
https://images.squarespace-cdn.com/content/v1/5b68a4e4a2772c2a206180a1/1543422357048-DI25NUNQFJDEOP1XA4YT/fenway2.JPG,1543422357048-DI25NUNQFJDEOP1XA4YT_fenway2.JPG
https://images.squarespace-cdn.com/content/v1/5b68a4e4a2772c2a206180a1/1543422394146-EUBOR95CIWU0VVOXIC0J/fenway1.JPG,1543422394146-EUBOR95CIWU0VVOXIC0J_fenway1.JPG
https://images.squarespace-cdn.com/content/v1/5b68a4e4a2772c2a206180a1/1543422500412-Z6PELWRCMSS5XHUKGY9I/BostonGlobe_logo.gif,1543422500412-Z6PELWRCMSS5XHUKGY9I_BostonGlobe_logo.gif
https://images.squarespace-cdn.com/content/v1/5b68a4e4a2772c2a206180a1/1543422681917-SI4J92YZKWBZFNBXRL0N/fenway1.JPG,1543422681917-SI4J92YZKWBZFNBXRL0N_fenway1.JPG
https://images.squarespace-cdn.com/content/v1/5b68a4e4a2772c2a206180a1/1543422681917-SI4J92YZKWBZFNBXRL0N/fenway1.JPG?format=1500w,1543422681917-SI4J92YZKWBZFNBXRL0N_fenway1.JPG?format=1500w
https://images.squarespace-cdn.com/content/v1/5b68a4e4a2772c2a206180a1/1543422690230-AFBN3FOB2M29UTY2M7YB/fenway2.JPG,1543422690230-AFBN3FOB2M29UTY2M7YB_fenway2.JPG
https://images.squarespace-cdn.com/content/v1/5b68a4e4a2772c2a206180a1/1543422690230-AFBN3FOB2M29UTY2M7YB/fenway2.JPG?format=1500w,1543422690230-AFBN3FOB2M29UTY2M7YB_fenway2.JPG?format=1500w
https://images.squarespace-cdn.com/content/v1/5b68a4e4a2772c2a206180a1/1543422707964-AOE7YHFVTVZTZR6M4EUA/parade1.JPG,1543422707964-AOE7YHFVTVZTZR6M4EUA_parade1.JPG
https://images.squarespace-cdn.com/content/v1/5b68a4e4a2772c2a206180a1/1543422707964-AOE7YHFVTVZTZR6M4EUA/parade1.JPG?format=1500w,1543422707964-AOE7YHFVTVZTZR6M4EUA_parade1.JPG?format=1500w
https://images.squarespace-cdn.com/content/v1/5b68a4e4a2772c2a206180a1/1543422707970-KYKR6PC2TT3UU2CYDSRJ/parade2.JPG,1543422707970-KYKR6PC2TT3UU2CYDSRJ_parade2.JPG
https://images.squarespace-cdn.com/content/v1/5b68a4e4a2772c2a206180a1/1543422707970-KYKR6PC2TT3UU2CYDSRJ/parade2.JPG?format=1500w,1543422707970-KYKR6PC2TT3UU2CYDSRJ_parade2.JPG?format=1500w
https://images.squarespace-cdn.com/content/v1/5b68a4e4a2772c2a206180a1/1543422708568-A2LWM5O2XUWOYII3M9EN/parade3.JPG,1543422708568-A2LWM5O2XUWOYII3M9EN_parade3.JPG
https://images.squarespace-cdn.com/content/v1/5b68a4e4a2772c2a206180a1/1543422708568-A2LWM5O2XUWOYII3M9EN/parade3.JPG?format=1500w,1543422708568-A2LWM5O2XUWOYII3M9EN_parade3.JPG?format=1500w
https://images.squarespace-cdn.com/content/v1/5b68a4e4a2772c2a206180a1/1543422708721-BWUHFE7H1CIARSB858B0/parade4.JPG,1543422708721-BWUHFE7H1CIARSB858B0_parade4.JPG
https://images.squarespace-cdn.com/content/v1/5b68a4e4a2772c2a206180a1/1543422708721-BWUHFE7H1CIARSB858B0/parade4.JPG?format=1500w,1543422708721-BWUHFE7H1CIARSB858B0_parade4.JPG?format=1500w
https://images.squarespace-cdn.com/content/v1/5b68a4e4a2772c2a206180a1/1543422709109-GKHUFQX06BKN34EUQR5Q/parade5.JPG,1543422709109-GKHUFQX06BKN34EUQR5Q_parade5.JPG
https://images.squarespace-cdn.com/content/v1/5b68a4e4a2772c2a206180a1/1543422709109-GKHUFQX06BKN34EUQR5Q/parade5.JPG?format=1500w,1543422709109-GKHUFQX06BKN34EUQR5Q_parade5.JPG?format=1500w
https://images.squarespace-cdn.com/content/v1/5b68a4e4a2772c2a206180a1/1543422709725-1FMB11L7LNPZPFO4OUIQ/parade6.JPG,1543422709725-1FMB11L7LNPZPFO4OUIQ_parade6.JPG
https://images.squarespace-cdn.com/content/v1/5b68a4e4a2772c2a206180a1/1543422709725-1FMB11L7LNPZPFO4OUIQ/parade6.JPG?format=1500w,1543422709725-1FMB11L7LNPZPFO4OUIQ_parade6.JPG?format=1500w
https://images.squarespace-cdn.com/content/v1/5b68a4e4a2772c2a206180a1/1543422709885-LNI9AXFK4XG0UHQ84B90/parade7.JPG,1543422709885-LNI9AXFK4XG0UHQ84B90_parade7.JPG
https://images.squarespace-cdn.com/content/v1/5b68a4e4a2772c2a206180a1/1543422709885-LNI9AXFK4XG0UHQ84B90/parade7.JPG?format=1500w,1543422709885-LNI9AXFK4XG0UHQ84B90_parade7.JPG?format=1500w
https://images.squarespace-cdn.com/content/v1/5b68a4e4a2772c2a206180a1/1543422710745-PQJHHWE8RZL6WY2J56X8/parade8.JPG,1543422710745-PQJHHWE8RZL6WY2J56X8_parade8.JPG
https://images.squarespace-cdn.com/content/v1/5b68a4e4a2772c2a206180a1/1543422710745-PQJHHWE8RZL6WY2J56X8/parade8.JPG?format=1500w,1543422710745-PQJHHWE8RZL6WY2J56X8_parade8.JPG?format=1500w
https://images.squarespace-cdn.com/content/v1/5b68a4e4a2772c2a206180a1/1543422730464-XB68O1GOI5D3ECY8VN5Z/metzler.jpg,1543422730464-XB68O1GOI5D3ECY8VN5Z_metzler.jpg
https://images.squarespace-cdn.com/content/v1/5b68a4e4a2772c2a206180a1/1543422730464-XB68O1GOI5D3ECY8VN5Z/metzler.jpg?format=1500w,1543422730464-XB68O1GOI5D3ECY8VN5Z_metzler.jpg?format=1500w
https://images.squarespace-cdn.com/content/v1/5b68a4e4a2772c2a206180a1/1543422763933-8GCAHLAL4UWXJRKILPG4/cityhallcrowd1.jpg,1543422763933-8GCAHLAL4UWXJRKILPG4_cityhallcrowd1.jpg
https://images.squarespace-cdn.com/content/v1/5b68a4e4a2772c2a206180a1/1543422763933-8GCAHLAL4UWXJRKILPG4/cityhallcrowd1.jpg?format=1500w,1543422763933-8GCAHLAL4UWXJRKILPG4_cityhallcrowd1.jpg?format=1500w
https://images.squarespace-cdn.com/content/v1/5b68a4e4a2772c2a206180a1/1543422771779-5FILJV7B3GP2R9IYV1JV/cityhallcrowd2.jpg,1543422771779-5FILJV7B3GP2R9IYV1JV_cityhallcrowd2.jpg
https://images.squarespace-cdn.com/content/v1/5b68a4e4a2772c2a206180a1/1543422771779-5FILJV7B3GP2R9IYV1JV/cityhallcrowd2.jpg?format=1500w,1543422771779-5FILJV7B3GP2R9IYV1JV_cityhallcrowd2.jpg?format=1500w
https://images.squarespace-cdn.com/content/v1/5b68a4e4a2772c2a206180a1/1543422786175-3YYXD1UOA9WAKX16LLTS/parade9.JPG,1543422786175-3YYXD1UOA9WAKX16LLTS_parade9.JPG
https://images.squarespace-cdn.com/content/v1/5b68a4e4a2772c2a206180a1/1543422786175-3YYXD1UOA9WAKX16LLTS/parade9.JPG?format=1500w,1543422786175-3YYXD1UOA9WAKX16LLTS_parade9.JPG?format=1500w
https://images.squarespace-cdn.com/content/v1/5b68a4e4a2772c2a206180a1/1544031532614-X8J2Y4T5LCICH9QM57FF/blue3.png,1544031532614-X8J2Y4T5LCICH9QM57FF_blue3.png
https://images.squarespace-cdn.com/content/v1/5b68a4e4a2772c2a206180a1/1544031575040-7IOLWNA763QST0IMVCYP/educating-teams.jpeg,1544031575040-7IOLWNA763QST0IMVCYP_educating-teams.jpeg
https://images.squarespace-cdn.com/content/v1/5b68a4e4a2772c2a206180a1/1544028251255-CB84KCIJM1GKZNI3IPHA/image-asset.png,1544028251255-CB84KCIJM1GKZNI3IPHA_image-asset.png
https://images.squarespace-cdn.com/content/v1/5b68a4e4a2772c2a206180a1/1542233110922-73PGFADZWAD8BZNWYA6N/roozbeh.png,1542233110922-73PGFADZWAD8BZNWYA6N_roozbeh.png
https://images.squarespace-cdn.com/content/v1/5b68a4e4a2772c2a206180a1/1542298892634-0DS2TQPJL8JULLIP0ZZ0/petzinger.gif,1542298892634-0DS2TQPJL8JULLIP0ZZ0_petzinger.gif
https://images.squarespace-cdn.com/content/v1/5b68a4e4a2772c2a206180a1/1581100485511-57VK117OH5QE97P3B44L/Wuhan-Fig1.png,1581100485511-57VK117OH5QE97P3B44L_Wuhan-Fig1.png
https://images.squarespace-cdn.com/content/v1/5b68a4e4a2772c2a206180a1/1579789786070-0Z2A9UR1UKHZZ2JMTQKE/salt-fig.png,1579789786070-0Z2A9UR1UKHZZ2JMTQKE_salt-fig.png
https://images.squarespace-cdn.com/content/v1/5b68a4e4a2772c2a206180a1/1554153566491-TF4KBX27E7F5K4SA7UHM/blue3.png,1554153566491-TF4KBX27E7F5K4SA7UHM_blue3.png
https://images.squarespace-cdn.com/content/v1/5b68a4e4a2772c2a206180a1/1544198201339-MMMCNI8YF6XDZTLL62FN/image-asset.gif,1544198201339-MMMCNI8YF6XDZTLL62FN_image-asset.gif
https://images.squarespace-cdn.com/content/v1/5b68a4e4a2772c2a206180a1/1544198234096-4N09AXJ62OYOJX3ISC11/image-asset.gif,1544198234096-4N09AXJ62OYOJX3ISC11_image-asset.gif
https://images.squarespace-cdn.com/content/v1/5b68a4e4a2772c2a206180a1/1544212853041-HCFVJX0OT6CTXRET5EFW/crash5.jpg,1544212853041-HCFVJX0OT6CTXRET5EFW_crash5.jpg
https://images.squarespace-cdn.com/content/v1/5b68a4e4a2772c2a206180a1/1544032460030-8CF5JC0VIVFGY4T9JEIM/routing7.gif,1544032460030-8CF5JC0VIVFGY4T9JEIM_routing7.gif
https://images.squarespace-cdn.com/content/v1/5b68a4e4a2772c2a206180a1/1544032543857-QCADWZ2QGJI3ZMJ9CFXE/wired.png,1544032543857-QCADWZ2QGJI3ZMJ9CFXE_wired.png
https://images.squarespace-cdn.com/content/v1/5b68a4e4a2772c2a206180a1/1544032582739-WUYX4MTLFUR1HVXGTJ9T/wireditaly.png,1544032582739-WUYX4MTLFUR1HVXGTJ9T_wireditaly.png
https://images.squarespace-cdn.com/content/v1/5b68a4e4a2772c2a206180a1/1593610599286-2OEMEMA7OOK5RTSDJTG5/ZonesToZero1-eq1.png,1593610599286-2OEMEMA7OOK5RTSDJTG5_ZonesToZero1-eq1.png
https://images.squarespace-cdn.com/content/v1/5b68a4e4a2772c2a206180a1/1544199156474-GIQEW8FHZ2YGUWOOD5EQ/image-asset.png,1544199156474-GIQEW8FHZ2YGUWOOD5EQ_image-asset.png
https://images.squarespace-cdn.com/content/v1/5b68a4e4a2772c2a206180a1/1543427502672-EI4B2FTE92FT5SA0Q7QC/image-asset.png,1543427502672-EI4B2FTE92FT5SA0Q7QC_image-asset.png
https://images.squarespace-cdn.com/content/v1/5b68a4e4a2772c2a206180a1/1543427620874-T4PYUPB04M7H5BN4K5G9/top10tweetmap.png,1543427620874-T4PYUPB04M7H5BN4K5G9_top10tweetmap.png
https://images.squarespace-cdn.com/content/v1/5b68a4e4a2772c2a206180a1/1543612375715-06SZNNPEG4L3DNBBLAF8/blue3.png,1543612375715-06SZNNPEG4L3DNBBLAF8_blue3.png
https://images.squarespace-cdn.com/content/v1/5b68a4e4a2772c2a206180a1/1543430657744-04JVGRS1UIRE8TIWW95A/time.png,1543430657744-04JVGRS1UIRE8TIWW95A_time.png
https://images.squarespace-cdn.com/content/v1/5b68a4e4a2772c2a206180a1/1543430726491-XKC0EU0LHIRIHJYX623I/image-asset.png,1543430726491-XKC0EU0LHIRIHJYX623I_image-asset.png
https://images.squarespace-cdn.com/content/v1/5b68a4e4a2772c2a206180a1/1543430780365-5GYDTPESGHU7WXCAM8F3/guardian.png,1543430780365-5GYDTPESGHU7WXCAM8F3_guardian.png
https://images.squarespace-cdn.com/content/v1/5b68a4e4a2772c2a206180a1/1543430833249-BLXM84R4FRHNMZUBSM5S/wired.png,1543430833249-BLXM84R4FRHNMZUBSM5S_wired.png
https://images.squarespace-cdn.com/content/v1/5b68a4e4a2772c2a206180a1/1543432063693-9V3OI7EVDEAK5KTRBIUI/fastcompany.png,1543432063693-9V3OI7EVDEAK5KTRBIUI_fastcompany.png
https://images.squarespace-cdn.com/content/v1/5b68a4e4a2772c2a206180a1/1543431401370-BK41BZ1RLSUL4KSH6U6T/scientificamerican.png,1543431401370-BK41BZ1RLSUL4KSH6U6T_scientificamerican.png
https://images.squarespace-cdn.com/content/v1/5b68a4e4a2772c2a206180a1/1543431442737-XSTFLFOSYW56KA36QYCN/image-asset.png,1543431442737-XSTFLFOSYW56KA36QYCN_image-asset.png
https://images.squarespace-cdn.com/content/v1/5b68a4e4a2772c2a206180a1/1543431488134-GXXF0S5MPNDPO3LMD7CX/theatlantic.png,1543431488134-GXXF0S5MPNDPO3LMD7CX_theatlantic.png
https://images.squarespace-cdn.com/content/v1/5b68a4e4a2772c2a206180a1/1543431532552-UD086OV4AV2FXVE5KP50/foodwatch.png,1543431532552-UD086OV4AV2FXVE5KP50_foodwatch.png
https://images.squarespace-cdn.com/content/v1/5b68a4e4a2772c2a206180a1/1543431576476-06M3QGDS8MYHOUCOTVD7/handelsblatt.png,1543431576476-06M3QGDS8MYHOUCOTVD7_handelsblatt.png
https://images.squarespace-cdn.com/content/v1/5b68a4e4a2772c2a206180a1/1543431613705-N8WHASVBZP5SU1FKIGUW/zeitonline.png,1543431613705-N8WHASVBZP5SU1FKIGUW_zeitonline.png
https://images.squarespace-cdn.com/content/v1/5b68a4e4a2772c2a206180a1/1543431656907-9339PL4O9OI0CZQC1R50/counterpunch.png,1543431656907-9339PL4O9OI0CZQC1R50_counterpunch.png
https://images.squarespace-cdn.com/content/v1/5b68a4e4a2772c2a206180a1/1543431700343-AII6G419RYCETSLGJ9L9/readteamanalysis.png,1543431700343-AII6G419RYCETSLGJ9L9_readteamanalysis.png
https://images.squarespace-cdn.com/content/v1/5b68a4e4a2772c2a206180a1/1543431743185-C9ECNBIGBMJVPHFF5UWQ/iol.png,1543431743185-C9ECNBIGBMJVPHFF5UWQ_iol.png
https://images.squarespace-cdn.com/content/v1/5b68a4e4a2772c2a206180a1/1543431785657-U4QE30H3BBCBYOWJ2E6L/infectiousgreed.png,1543431785657-U4QE30H3BBCBYOWJ2E6L_infectiousgreed.png
https://images.squarespace-cdn.com/content/v1/5b68a4e4a2772c2a206180a1/1543431887641-G93GU3FR0PHMGDV0AC75/timoreilly.png,1543431887641-G93GU3FR0PHMGDV0AC75_timoreilly.png
https://images.squarespace-cdn.com/content/v1/5b68a4e4a2772c2a206180a1/1543432118286-C2501EXV5M6R0Y49DEII/physorg1.png,1543432118286-C2501EXV5M6R0Y49DEII_physorg1.png
https://images.squarespace-cdn.com/content/v1/5b68a4e4a2772c2a206180a1/1543432158486-GENSA7X1E24XAA6RNH4I/comdig.png,1543432158486-GENSA7X1E24XAA6RNH4I_comdig.png
https://images.squarespace-cdn.com/content/v1/5b68a4e4a2772c2a206180a1/1543432199341-RMJV9BKX9P5IXF99EOMQ/sciencenews.png,1543432199341-RMJV9BKX9P5IXF99EOMQ_sciencenews.png
https://images.squarespace-cdn.com/content/v1/5b68a4e4a2772c2a206180a1/1543432245715-GQL6QZ9J8PV2O02HWHTC/economicwarfare.png,1543432245715-GQL6QZ9J8PV2O02HWHTC_economicwarfare.png
https://images.squarespace-cdn.com/content/v1/5b68a4e4a2772c2a206180a1/1543432294219-A19PLG3O9M8DO5UJUYF4/ted.png,1543432294219-A19PLG3O9M8DO5UJUYF4_ted.png
https://images.squarespace-cdn.com/content/v1/5b68a4e4a2772c2a206180a1/1543432337058-ZTDWCEKTUGJJMOOTS7EJ/yottapoint.png,1543432337058-ZTDWCEKTUGJJMOOTS7EJ_yottapoint.png
https://images.squarespace-cdn.com/content/v1/5b68a4e4a2772c2a206180a1/1543432408519-U3PGZ2YI49CS53Z62PSZ/huffpostbusiness.png,1543432408519-U3PGZ2YI49CS53Z62PSZ_huffpostbusiness.png
https://images.squarespace-cdn.com/content/v1/5b68a4e4a2772c2a206180a1/1543432453984-24XMR31MAO6P64P6K75O/motherjones.png,1543432453984-24XMR31MAO6P64P6K75O_motherjones.png
https://images.squarespace-cdn.com/content/v1/5b68a4e4a2772c2a206180a1/1543432521986-1HR4XMPWV0MA0LO6YCWG/dairytoday.png,1543432521986-1HR4XMPWV0MA0LO6YCWG_dairytoday.png
https://images.squarespace-cdn.com/content/v1/5b68a4e4a2772c2a206180a1/1543432576312-9P00LVX7DTVA5V8VR2SQ/earthtimes.png,1543432576312-9P00LVX7DTVA5V8VR2SQ_earthtimes.png
https://images.squarespace-cdn.com/content/v1/5b68a4e4a2772c2a206180a1/1543432622680-FOX4H28DYR5AX42OEX7K/triplepundit.png,1543432622680-FOX4H28DYR5AX42OEX7K_triplepundit.png
https://images.squarespace-cdn.com/content/v1/5b68a4e4a2772c2a206180a1/1543432679970-RO3UA10EQC9DP61K1DQO/globalwarming.png,1543432679970-RO3UA10EQC9DP61K1DQO_globalwarming.png
https://images.squarespace-cdn.com/content/v1/5b68a4e4a2772c2a206180a1/1543432738582-EUZPSPGS3EG7K2FALM5D/pnn.png,1543432738582-EUZPSPGS3EG7K2FALM5D_pnn.png
https://images.squarespace-cdn.com/content/v1/5b68a4e4a2772c2a206180a1/1543432791755-5JE70JHUYBJ7KLF7M6ZG/learningchange.png,1543432791755-5JE70JHUYBJ7KLF7M6ZG_learningchange.png
https://images.squarespace-cdn.com/content/v1/5b68a4e4a2772c2a206180a1/1543432864988-JOFXMUJN989KTY20XNWZ/acontrariansdilemma.png,1543432864988-JOFXMUJN989KTY20XNWZ_acontrariansdilemma.png
https://images.squarespace-cdn.com/content/v1/5b68a4e4a2772c2a206180a1/1543432943483-ZEPDKXMNRGYF4ZDYQSSR/triplecrisis.png,1543432943483-ZEPDKXMNRGYF4ZDYQSSR_triplecrisis.png
https://images.squarespace-cdn.com/content/v1/5b68a4e4a2772c2a206180a1/1543432994023-019LIQHXOGSLQLX9XLHF/reddit.png,1543432994023-019LIQHXOGSLQLX9XLHF_reddit.png
https://images.squarespace-cdn.com/content/v1/5b68a4e4a2772c2a206180a1/1543433202374-KS0UISZN9SY75EITFARH/metafilter.png,1543433202374-KS0UISZN9SY75EITFARH_metafilter.png
https://images.squarespace-cdn.com/content/v1/5b68a4e4a2772c2a206180a1/1543433248814-RKE3XR5PH4YAAKVKOTPS/image-asset.png,1543433248814-RKE3XR5PH4YAAKVKOTPS_image-asset.png
https://images.squarespace-cdn.com/content/v1/5b68a4e4a2772c2a206180a1/1543433344408-8PPNGQ1495SY63NVML7J/farmgate.png,1543433344408-8PPNGQ1495SY63NVML7J_farmgate.png
https://images.squarespace-cdn.com/content/v1/5b68a4e4a2772c2a206180a1/1543433417193-ZV4B0WTVD85S4X5AFORN/dlarepubblica.png,1543433417193-ZV4B0WTVD85S4X5AFORN_dlarepubblica.png
https://images.squarespace-cdn.com/content/v1/5b68a4e4a2772c2a206180a1/1543433470277-5LGQK2GZ6SEDVHB0QZ07/novaator.png,1543433470277-5LGQK2GZ6SEDVHB0QZ07_novaator.png
https://images.squarespace-cdn.com/content/v1/5b68a4e4a2772c2a206180a1/1543433536272-6IWHH9QEC79ACKEHI9CP/forte.png,1543433536272-6IWHH9QEC79ACKEHI9CP_forte.png
https://images.squarespace-cdn.com/content/v1/5b68a4e4a2772c2a206180a1/1543433601343-SFYA5NRTK1LBR25FG2XL/economictimes.png,1543433601343-SFYA5NRTK1LBR25FG2XL_economictimes.png
https://images.squarespace-cdn.com/content/v1/5b68a4e4a2772c2a206180a1/1543433761360-L6J3ZB9CG562AJ0SB0EC/grist.png,1543433761360-L6J3ZB9CG562AJ0SB0EC_grist.png
https://images.squarespace-cdn.com/content/v1/5b68a4e4a2772c2a206180a1/1543433818368-9GHPQG52GS1X3DG1A6SF/grist.png,1543433818368-9GHPQG52GS1X3DG1A6SF_grist.png
https://images.squarespace-cdn.com/content/v1/5b68a4e4a2772c2a206180a1/1543433878550-UKE1UIK8KSBAFHITYKE7/stopgamblingonhunger.png,1543433878550-UKE1UIK8KSBAFHITYKE7_stopgamblingonhunger.png
https://images.squarespace-cdn.com/content/v1/5b68a4e4a2772c2a206180a1/1543433940071-46HADAEQY374EYQO9K8B/proactiveinvestors.png,1543433940071-46HADAEQY374EYQO9K8B_proactiveinvestors.png
https://images.squarespace-cdn.com/content/v1/5b68a4e4a2772c2a206180a1/1543434013123-3N3RVW3BJ0PB906EIIV8/casaubonsbook.png,1543434013123-3N3RVW3BJ0PB906EIIV8_casaubonsbook.png
https://images.squarespace-cdn.com/content/v1/5b68a4e4a2772c2a206180a1/1543434065864-BXHH1XXITGGO58GV8XQ5/biofuelsjournal.png,1543434065864-BXHH1XXITGGO58GV8XQ5_biofuelsjournal.png
https://images.squarespace-cdn.com/content/v1/5b68a4e4a2772c2a206180a1/1543434125751-9EUJPSKMK21JC8HZOV8O/kaieturnews.png,1543434125751-9EUJPSKMK21JC8HZOV8O_kaieturnews.png
https://images.squarespace-cdn.com/content/v1/5b68a4e4a2772c2a206180a1/1543434184398-LR8HMJFVI5WLPCX5RQ6V/ramblinwithroger.png,1543434184398-LR8HMJFVI5WLPCX5RQ6V_ramblinwithroger.png
https://images.squarespace-cdn.com/content/v1/5b68a4e4a2772c2a206180a1/1543434390886-D2I06IPOCE42UR5A6KG0/dissidentvoice.png,1543434390886-D2I06IPOCE42UR5A6KG0_dissidentvoice.png
https://images.squarespace-cdn.com/content/v1/5b68a4e4a2772c2a206180a1/1543434418285-N40A7005EFVTADXOJB9V/businessinsider.jpg,1543434418285-N40A7005EFVTADXOJB9V_businessinsider.jpg
https://images.squarespace-cdn.com/content/v1/5b68a4e4a2772c2a206180a1/1543434483095-5HR7Z8S9507R816CS72W/newsvine.png,1543434483095-5HR7Z8S9507R816CS72W_newsvine.png
https://images.squarespace-cdn.com/content/v1/5b68a4e4a2772c2a206180a1/1543434521272-V9J05L33OXSA2N2WVJOG/moneyscience.png,1543434521272-V9J05L33OXSA2N2WVJOG_moneyscience.png
https://images.squarespace-cdn.com/content/v1/5b68a4e4a2772c2a206180a1/1543434549358-4UTWXFGHP8UCR7SZ3JS2/silobreaker.png,1543434549358-4UTWXFGHP8UCR7SZ3JS2_silobreaker.png
https://images.squarespace-cdn.com/content/v1/5b68a4e4a2772c2a206180a1/1543434585834-VVO4IWPJ3TDMD7EQG5XD/treehugger.png,1543434585834-VVO4IWPJ3TDMD7EQG5XD_treehugger.png
https://images.squarespace-cdn.com/content/v1/5b68a4e4a2772c2a206180a1/1543434637178-JMP76WRKT5PAI6SDP08K/smartbrief.png,1543434637178-JMP76WRKT5PAI6SDP08K_smartbrief.png
https://images.squarespace-cdn.com/content/v1/5b68a4e4a2772c2a206180a1/1543434678047-U8OQGN9BV73ZKTB38HWS/eatlocal.png,1543434678047-U8OQGN9BV73ZKTB38HWS_eatlocal.png
https://images.squarespace-cdn.com/content/v1/5b68a4e4a2772c2a206180a1/1543434728343-LKX91LDSQ1GFXWXCKUKB/terranews.png,1543434728343-LKX91LDSQ1GFXWXCKUKB_terranews.png
https://images.squarespace-cdn.com/content/v1/5b68a4e4a2772c2a206180a1/1543436126108-G6S3B6RGEVXOWJHUFY2C/image-asset.png,1543436126108-G6S3B6RGEVXOWJHUFY2C_image-asset.png
https://images.squarespace-cdn.com/content/v1/5b68a4e4a2772c2a206180a1/1543436174056-JABF61EBFQXOJCCCO9J5/image-asset.png,1543436174056-JABF61EBFQXOJCCCO9J5_image-asset.png
https://images.squarespace-cdn.com/content/v1/5b68a4e4a2772c2a206180a1/1543436239648-SDM2VNW753RXBQDEGNFJ/forexfactory.png,1543436239648-SDM2VNW753RXBQDEGNFJ_forexfactory.png
https://images.squarespace-cdn.com/content/v1/5b68a4e4a2772c2a206180a1/1543436296013-EFHQ23XRSWYOOPCBEL42/searchthenetnow.png,1543436296013-EFHQ23XRSWYOOPCBEL42_searchthenetnow.png
https://images.squarespace-cdn.com/content/v1/5b68a4e4a2772c2a206180a1/1543436325867-3KTXMMSI4DNJNUE757PQ/halalfocus.png,1543436325867-3KTXMMSI4DNJNUE757PQ_halalfocus.png
https://images.squarespace-cdn.com/content/v1/5b68a4e4a2772c2a206180a1/1543436367244-EJOPICLNU4LY7QXSIC1H/image-asset.png,1543436367244-EJOPICLNU4LY7QXSIC1H_image-asset.png
https://images.squarespace-cdn.com/content/v1/5b68a4e4a2772c2a206180a1/1543436417825-O8CVQXRJZ1WPZB4419LE/benshoematesnotebook.png,1543436417825-O8CVQXRJZ1WPZB4419LE_benshoematesnotebook.png
https://images.squarespace-cdn.com/content/v1/5b68a4e4a2772c2a206180a1/1543436456735-AC113G8B1X21TSWQWGPW/ourendofthenet.png,1543436456735-AC113G8B1X21TSWQWGPW_ourendofthenet.png
https://images.squarespace-cdn.com/content/v1/5b68a4e4a2772c2a206180a1/1543436498178-KZVNJM3BEEEEG0YXOPTL/reteaparty.png,1543436498178-KZVNJM3BEEEEG0YXOPTL_reteaparty.png
https://images.squarespace-cdn.com/content/v1/5b68a4e4a2772c2a206180a1/1543436546176-0IPSH4Z8I1IOQZ5H4MX0/runningcauseicantfly.png,1543436546176-0IPSH4Z8I1IOQZ5H4MX0_runningcauseicantfly.png
https://images.squarespace-cdn.com/content/v1/5b68a4e4a2772c2a206180a1/1543436572765-8TSEMEGGJ2DY4AGS126F/sott.png,1543436572765-8TSEMEGGJ2DY4AGS126F_sott.png
https://images.squarespace-cdn.com/content/v1/5b68a4e4a2772c2a206180a1/1543437104595-KJAMHYDF2FHLWIHS0D6Q/image-asset.png,1543437104595-KJAMHYDF2FHLWIHS0D6Q_image-asset.png
https://images.squarespace-cdn.com/content/v1/5b68a4e4a2772c2a206180a1/1543437155979-KYYX74EM4S5PMXPOAUQ3/ourendofthenet.png,1543437155979-KYYX74EM4S5PMXPOAUQ3_ourendofthenet.png
https://images.squarespace-cdn.com/content/v1/5b68a4e4a2772c2a206180a1/1543437189848-O80F8VLQS6BM1C7ETEHV/environmentalramblings.png,1543437189848-O80F8VLQS6BM1C7ETEHV_environmentalramblings.png
https://images.squarespace-cdn.com/content/v1/5b68a4e4a2772c2a206180a1/1542747238205-P8Y8SH5HE7HFIFYEFN75/sparsedisorder-1.png,1542747238205-P8Y8SH5HE7HFIFYEFN75_sparsedisorder-1.png
https://images.squarespace-cdn.com/content/v1/5b68a4e4a2772c2a206180a1/1542300355040-DEE3T119Z11OFCS8M11O/timmer.jpg,1542300355040-DEE3T119Z11OFCS8M11O_timmer.jpg
https://images.squarespace-cdn.com/content/v1/5b68a4e4a2772c2a206180a1/1542728694360-GGAA75LGM2KJUZIB46GB/blue-background2.png?format=2500w,1542728694360-GGAA75LGM2KJUZIB46GB_blue-background2.png?format=2500w
https://images.squarespace-cdn.com/content/v1/5b68a4e4a2772c2a206180a1/1540322622763-9365W91FEQDM0EE95BI9/engage-banner.png,1540322622763-9365W91FEQDM0EE95BI9_engage-banner.png
https://images.squarespace-cdn.com/content/v1/5b68a4e4a2772c2a206180a1/1539894121224-OAPW5ZBFBGEBGBZMZZT5/screen-0001_2.gif,1539894121224-OAPW5ZBFBGEBGBZMZZT5_screen-0001_2.gif
https://images.squarespace-cdn.com/content/v1/5b68a4e4a2772c2a206180a1/1544220204086-6LM1KPSRFCSO8X0AL5MI/image-asset.png,1544220204086-6LM1KPSRFCSO8X0AL5MI_image-asset.png
https://images.squarespace-cdn.com/content/v1/5b68a4e4a2772c2a206180a1/1544220240463-65JPQ80SI56EHOG94BFP/Fig2.png,1544220240463-65JPQ80SI56EHOG94BFP_Fig2.png
https://images.squarespace-cdn.com/content/v1/5b68a4e4a2772c2a206180a1/1542654857684-FW1TSVYA9ICD4YPF748J/socialcomplexity.jpg?format=2500w,1542654857684-FW1TSVYA9ICD4YPF748J_socialcomplexity.jpg?format=2500w
https://images.squarespace-cdn.com/content/v1/5b68a4e4a2772c2a206180a1/114af1c1-1e98-4755-ac15-9c3840676732/EQ-AI+2401+Empowering+Resilient+Leadership+YOU+ARE+A+DYNAMIC+AGENT+TO+THRIVE+%281%29.png?format=1000w,114af1c1-1e98-4755-ac15-9c3840676732_EQ-AI+2401+Empowering+Resilient+Leadership+YOU+ARE+A+DYNAMIC+AGENT+TO+THRIVE+%281%29.png?format=1000w
https://images.squarespace-cdn.com/content/v1/5b68a4e4a2772c2a206180a1/1544125169162-VQBPSKLQU2ELP1GF9SIH/image-asset.png,1544125169162-VQBPSKLQU2ELP1GF9SIH_image-asset.png
https://images.squarespace-cdn.com/content/v1/5b68a4e4a2772c2a206180a1/1544125253627-FLCGF3OS81XXN3QJ4VB9/redorbit.png,1544125253627-FLCGF3OS81XXN3QJ4VB9_redorbit.png
https://images.squarespace-cdn.com/content/v1/5b68a4e4a2772c2a206180a1/1542231737666-LB4QKPZ16W42EC45FHJW/lindsay.jpg,1542231737666-LB4QKPZ16W42EC45FHJW_lindsay.jpg
https://images.squarespace-cdn.com/content/v1/5b68a4e4a2772c2a206180a1/1542649251450-G2OU2M72GZH61BX47HQS/Screen+Shot+2018-08-17+at+11.09.11+AM.png?format=2500w,1542649251450-G2OU2M72GZH61BX47HQS_Screen+Shot+2018-08-17+at+11.09.11+AM.png?format=2500w
https://images.squarespace-cdn.com/content/v1/5b68a4e4a2772c2a206180a1/1542649440419-XS7WNGCWP80JCMV6CGKF/time.png,1542649440419-XS7WNGCWP80JCMV6CGKF_time.png
https://images.squarespace-cdn.com/content/v1/5b68a4e4a2772c2a206180a1/1542649496810-DDX320Q6YOQLT3IY6VCQ/motherboard.png,1542649496810-DDX320Q6YOQLT3IY6VCQ_motherboard.png
https://images.squarespace-cdn.com/content/v1/5b68a4e4a2772c2a206180a1/1542649537667-D0VMBFT8AB53SBSEQQ67/bostonglobe.png,1542649537667-D0VMBFT8AB53SBSEQQ67_bostonglobe.png
https://images.squarespace-cdn.com/content/v1/5b68a4e4a2772c2a206180a1/1542297107836-LJIGQ76XIB84ZQW2UVSB/epsteinpnas.gif,1542297107836-LJIGQ76XIB84ZQW2UVSB_epsteinpnas.gif
https://images.squarespace-cdn.com/content/v1/5b68a4e4a2772c2a206180a1/1542297200312-35JN3N10Q9Z37OJPNPPF/epstein.jpg,1542297200312-35JN3N10Q9Z37OJPNPPF_epstein.jpg
https://images.squarespace-cdn.com/content/v1/5b68a4e4a2772c2a206180a1/1543871369432-1OAJHDFBX6GN2FHAWURA/blue3.png,1543871369432-1OAJHDFBX6GN2FHAWURA_blue3.png
https://images.squarespace-cdn.com/content/v1/5b68a4e4a2772c2a206180a1/1542128152802-8UX4C2NPLV1PUP8E275F/blue2.png?format=2500w,1542128152802-8UX4C2NPLV1PUP8E275F_blue2.png?format=2500w
https://images.squarespace-cdn.com/content/v1/5b68a4e4a2772c2a206180a1/1607955651765-DQ3MOI4L3FTTN7VFSV5D/image-asset.jpeg?format=1000w,1607955651765-DQ3MOI4L3FTTN7VFSV5D_image-asset.jpeg?format=1000w
https://images.squarespace-cdn.com/content/v1/5b68a4e4a2772c2a206180a1/1572878638694-UOSS0R8JWWYXX5MBHZOS/image-asset.jpeg?format=1000w,1572878638694-UOSS0R8JWWYXX5MBHZOS_image-asset.jpeg?format=1000w
https://images.squarespace-cdn.com/content/v1/5b68a4e4a2772c2a206180a1/1552423777529-N2M4PT61DSRILV7CZJ08/image-asset.jpeg?format=1000w,1552423777529-N2M4PT61DSRILV7CZJ08_image-asset.jpeg?format=1000w
https://images.squarespace-cdn.com/content/v1/5b68a4e4a2772c2a206180a1/1542128495580-5YBHM4YGG6A1LBRP90WK/image-asset.jpeg?format=1000w,1542128495580-5YBHM4YGG6A1LBRP90WK_image-asset.jpeg?format=1000w
https://images.squarespace-cdn.com/content/v1/5b68a4e4a2772c2a206180a1/1542142115433-2XRM1AGYHJ5W5BUKK3ZP/CCS15.png?format=1500w,1542142115433-2XRM1AGYHJ5W5BUKK3ZP_CCS15.png?format=1500w
https://images.squarespace-cdn.com/content/v1/5b68a4e4a2772c2a206180a1/1542128001472-UAB2P53CKHT7HMHU2BBV/image-asset.jpeg?format=1000w,1542128001472-UAB2P53CKHT7HMHU2BBV_image-asset.jpeg?format=1000w
https://images.squarespace-cdn.com/content/v1/5b68a4e4a2772c2a206180a1/1542142388013-K7QWXV2NT63S6O7L4Z4F/image-asset.jpeg?format=1500w,1542142388013-K7QWXV2NT63S6O7L4Z4F_image-asset.jpeg?format=1500w
https://images.squarespace-cdn.com/content/v1/5b68a4e4a2772c2a206180a1/1542142479330-R54KPMZVL077YITJEQ05/image-asset.jpeg?format=1000w,1542142479330-R54KPMZVL077YITJEQ05_image-asset.jpeg?format=1000w
https://images.squarespace-cdn.com/content/v1/5b68a4e4a2772c2a206180a1/1542142607846-KYQ8NR5MYKY0FVC4CACK/image-asset.jpeg?format=1000w,1542142607846-KYQ8NR5MYKY0FVC4CACK_image-asset.jpeg?format=1000w
https://images.squarespace-cdn.com/content/v1/5b68a4e4a2772c2a206180a1/1542142688031-WFD9JSHZ3V885UNRD5UP/image-asset.jpeg?format=1000w,1542142688031-WFD9JSHZ3V885UNRD5UP_image-asset.jpeg?format=1000w
https://images.squarespace-cdn.com/content/v1/5b68a4e4a2772c2a206180a1/1542143033669-CV4G3KWWJHGXJ9GMX0IY/thehill-logo-big.png,1542143033669-CV4G3KWWJHGXJ9GMX0IY_thehill-logo-big.png
https://images.squarespace-cdn.com/content/v1/5b68a4e4a2772c2a206180a1/1543592185730-4K8BXQM92GZFEJ9YKAH1/blue3.png,1543592185730-4K8BXQM92GZFEJ9YKAH1_blue3.png
https://images.squarespace-cdn.com/content/v1/5b68a4e4a2772c2a206180a1/1542728334690-EMXU12LFVIJB57NSDMNR/business.jpg?format=2500w,1542728334690-EMXU12LFVIJB57NSDMNR_business.jpg?format=2500w
https://images.squarespace-cdn.com/content/v1/5b68a4e4a2772c2a206180a1/1542728380689-97Y1S0RH0EHRZ5W13THG/management.jpg,1542728380689-97Y1S0RH0EHRZ5W13THG_management.jpg
https://images.squarespace-cdn.com/content/v1/5b68a4e4a2772c2a206180a1/1542728423108-CHBRSPY36VPWVC5YUMUV/negotiation.jpg,1542728423108-CHBRSPY36VPWVC5YUMUV_negotiation.jpg
https://images.squarespace-cdn.com/content/v1/5b68a4e4a2772c2a206180a1/1542661279132-NSIOLQ1DVGPQBCHREKWH/bird-3621867.jpg?format=2500w,1542661279132-NSIOLQ1DVGPQBCHREKWH_bird-3621867.jpg?format=2500w
https://images.squarespace-cdn.com/content/v1/5b68a4e4a2772c2a206180a1/1542661342731-49YUJD132NHGOPX09YI1/longevity.png,1542661342731-49YUJD132NHGOPX09YI1_longevity.png
https://images.squarespace-cdn.com/content/v1/5b68a4e4a2772c2a206180a1/1542661390092-KNR0PJ0977CRB8FLWT9X/altruism.jpg,1542661390092-KNR0PJ0977CRB8FLWT9X_altruism.jpg
https://images.squarespace-cdn.com/content/v1/5b68a4e4a2772c2a206180a1/1542661430643-P7078QORC5V6WHBDEQJT/spatial.png,1542661430643-P7078QORC5V6WHBDEQJT_spatial.png
https://images.squarespace-cdn.com/content/v1/5b68a4e4a2772c2a206180a1/1542661476705-P20GVI68PWLC0847R43P/genecentered.jpg,1542661476705-P20GVI68PWLC0847R43P_genecentered.jpg
https://images.squarespace-cdn.com/content/v1/5b68a4e4a2772c2a206180a1/1542661517994-NQYYXTLSTBZXY8SG6Q1Q/image-asset.jpeg,1542661517994-NQYYXTLSTBZXY8SG6Q1Q_image-asset.jpeg
https://images.squarespace-cdn.com/content/v1/5b68a4e4a2772c2a206180a1/1542661560735-QGCMPADJ29GGUYVUM0IS/image-asset.jpeg,1542661560735-QGCMPADJ29GGUYVUM0IS_image-asset.jpeg
https://images.squarespace-cdn.com/content/v1/5b68a4e4a2772c2a206180a1/1542661630381-BQWWUK6L6IY6R2DPVPF9/pphp.jpg,1542661630381-BQWWUK6L6IY6R2DPVPF9_pphp.jpg
https://images.squarespace-cdn.com/content/v1/5b68a4e4a2772c2a206180a1/1542661693933-BIHEQKUEPH2WVBPDXWL1/selfreplication.png,1542661693933-BIHEQKUEPH2WVBPDXWL1_selfreplication.png
https://images.squarespace-cdn.com/content/v1/5b68a4e4a2772c2a206180a1/1542661753771-RV6G3HJZ9H38OOC4GOYO/spatial.jpg,1542661753771-RV6G3HJZ9H38OOC4GOYO_spatial.jpg
https://images.squarespace-cdn.com/content/v1/5b68a4e4a2772c2a206180a1/1542661802381-1DT9R4HI5K8PEQAL2DLW/spontaneous.jpg,1542661802381-1DT9R4HI5K8PEQAL2DLW_spontaneous.jpg
https://images.squarespace-cdn.com/content/v1/5b68a4e4a2772c2a206180a1/1542661849968-3HPWTEO4PS7MOVIE6NJX/systemsbiology.jpg,1542661849968-3HPWTEO4PS7MOVIE6NJX_systemsbiology.jpg
https://images.squarespace-cdn.com/content/v1/5b68a4e4a2772c2a206180a1/1542661918093-UITR6VEW258J7MM0XCV7/sports.png,1542661918093-UITR6VEW258J7MM0XCV7_sports.png
https://images.squarespace-cdn.com/content/v1/5b68a4e4a2772c2a206180a1/90a96e35-d67f-4221-8e5c-5f1a3ebcc60e/Eric+Feigl+Ding.jpeg,90a96e35-d67f-4221-8e5c-5f1a3ebcc60e_Eric+Feigl+Ding.jpeg
https://images.squarespace-cdn.com/content/v1/5b68a4e4a2772c2a206180a1/1590591808926-7AAXO1PDAN5Q1RI5K9DK/Fig1.jpeg,1590591808926-7AAXO1PDAN5Q1RI5K9DK_Fig1.jpeg
https://images.squarespace-cdn.com/content/v1/5b68a4e4a2772c2a206180a1/1556568387867-N86GNHL8F1YI59AWHXRM/Justin_Werfel_headshot.jpg,1556568387867-N86GNHL8F1YI59AWHXRM_Justin_Werfel_headshot.jpg
https://images.squarespace-cdn.com/content/v1/5b68a4e4a2772c2a206180a1/1542657706560-PL08HQI0TQ3I4I4E7DIE/social-systems.jpg?format=2500w,1542657706560-PL08HQI0TQ3I4I4E7DIE_social-systems.jpg?format=2500w
https://images.squarespace-cdn.com/content/v1/5b68a4e4a2772c2a206180a1/1546445261484-SAJSRHXXJV9ZVCFGCC9I/teams.jpg,1546445261484-SAJSRHXXJV9ZVCFGCC9I_teams.jpg
https://images.squarespace-cdn.com/content/v1/5b68a4e4a2772c2a206180a1/1542657794208-UM07N45KMT6M70UC3FKE/ruin.png,1542657794208-UM07N45KMT6M70UC3FKE_ruin.png
https://images.squarespace-cdn.com/content/v1/5b68a4e4a2772c2a206180a1/1542657846035-USLXYFM0LP3HGH68NZDS/pandemics.png,1542657846035-USLXYFM0LP3HGH68NZDS_pandemics.png
https://images.squarespace-cdn.com/content/v1/5b68a4e4a2772c2a206180a1/1542657994317-ZZVL1GMZ8NUQYIUZBWZQ/government.png,1542657994317-ZZVL1GMZ8NUQYIUZBWZQ_government.png
https://images.squarespace-cdn.com/content/v1/5b68a4e4a2772c2a206180a1/1542658030758-2FK70MG4XQM613ZYGHF5/riotsandrevolutions.jpg,1542658030758-2FK70MG4XQM613ZYGHF5_riotsandrevolutions.jpg
https://images.squarespace-cdn.com/content/v1/5b68a4e4a2772c2a206180a1/1542658152544-XIZPA4TT31H08I1USOGA/globalfood.jpg,1542658152544-XIZPA4TT31H08I1USOGA_globalfood.jpg
https://images.squarespace-cdn.com/content/v1/5b68a4e4a2772c2a206180a1/1542658390950-0H9MC5Z6CDJYX618U7Z8/ethnicviolence.png,1542658390950-0H9MC5Z6CDJYX618U7Z8_ethnicviolence.png
https://images.squarespace-cdn.com/content/v1/5b68a4e4a2772c2a206180a1/1542658539475-XYE26SHSO1HJ1AL8BQJB/image-asset.png,1542658539475-XYE26SHSO1HJ1AL8BQJB_image-asset.png
https://images.squarespace-cdn.com/content/v1/5b68a4e4a2772c2a206180a1/1542658590734-IB0ZTVHFY7COY4Y0483Q/image-asset.png,1542658590734-IB0ZTVHFY7COY4Y0483Q_image-asset.png
https://images.squarespace-cdn.com/content/v1/5b68a4e4a2772c2a206180a1/1542658661417-DS7PGPR0RIW8RS0C76KU/image-asset.jpeg,1542658661417-DS7PGPR0RIW8RS0C76KU_image-asset.jpeg
https://images.squarespace-cdn.com/content/v1/5b68a4e4a2772c2a206180a1/1544039319367-M7OCNCJAWBMSI5ZCQD0V/programmed2a.png,1544039319367-M7OCNCJAWBMSI5ZCQD0V_programmed2a.png
https://images.squarespace-cdn.com/content/v1/5b68a4e4a2772c2a206180a1/1544039347751-B5E8T2LDLXMT2GEDBFN1/programmed2b.png,1544039347751-B5E8T2LDLXMT2GEDBFN1_programmed2b.png
https://images.squarespace-cdn.com/content/v1/5b68a4e4a2772c2a206180a1/1544039372226-937V3ILICC7LBDUH1JH4/image-asset.png,1544039372226-937V3ILICC7LBDUH1JH4_image-asset.png
https://images.squarespace-cdn.com/content/v1/5b68a4e4a2772c2a206180a1/1544039407426-OXQV8SCV6OE3TZZTUP0V/blue3.png,1544039407426-OXQV8SCV6OE3TZZTUP0V_blue3.png
https://images.squarespace-cdn.com/content/v1/5b68a4e4a2772c2a206180a1/1544039497149-W6AJUCVX45SR5PBY27VS/motherboard.png,1544039497149-W6AJUCVX45SR5PBY27VS_motherboard.png
https://images.squarespace-cdn.com/content/v1/5b68a4e4a2772c2a206180a1/1544039536803-QLU7I1B8ICL3XYHK5QJ2/io9.png,1544039536803-QLU7I1B8ICL3XYHK5QJ2_io9.png
https://images.squarespace-cdn.com/content/v1/5b68a4e4a2772c2a206180a1/1544039571591-BUBPAPRZHYGFPCDAIV99/sciencenews.png,1544039571591-BUBPAPRZHYGFPCDAIV99_sciencenews.png
https://images.squarespace-cdn.com/content/v1/5b68a4e4a2772c2a206180a1/1544039608010-32QPMGUOYA5AH18LP9QN/bbcradio.png,1544039608010-32QPMGUOYA5AH18LP9QN_bbcradio.png
https://images.squarespace-cdn.com/content/v1/5b68a4e4a2772c2a206180a1/1542655241441-NM8QE5T6LK7RRUTTAVBD/new-york-668616.jpg?format=2500w,1542655241441-NM8QE5T6LK7RRUTTAVBD_new-york-668616.jpg?format=2500w
https://images.squarespace-cdn.com/content/v1/5b68a4e4a2772c2a206180a1/1543610414324-SJ4KQG0DQ1LOA72SCRXC/image-asset.png,1543610414324-SJ4KQG0DQ1LOA72SCRXC_image-asset.png
https://images.squarespace-cdn.com/content/v1/5b68a4e4a2772c2a206180a1/1543610442864-CKLQCKUG690BO1E8DN2F/image-asset.png,1543610442864-CKLQCKUG690BO1E8DN2F_image-asset.png
https://images.squarespace-cdn.com/content/v1/5b68a4e4a2772c2a206180a1/1543610476381-3VXF1CIYXKWGP3VS88VD/blue3.png,1543610476381-3VXF1CIYXKWGP3VS88VD_blue3.png
https://images.squarespace-cdn.com/content/v1/5b68a4e4a2772c2a206180a1/1543859492851-821EUMTLWRL9366SOLD2/blue3.png,1543859492851-821EUMTLWRL9366SOLD2_blue3.png
https://images.squarespace-cdn.com/content/v1/5b68a4e4a2772c2a206180a1/1548192529722-A6AV0ITEZK5GARO0N0XY/KinGroupSelection.png,1548192529722-A6AV0ITEZK5GARO0N0XY_KinGroupSelection.png
https://images.squarespace-cdn.com/content/v1/5b68a4e4a2772c2a206180a1/1543266712037-Z2277O9NT48QBHXH0XE4/pre73.png,1543266712037-Z2277O9NT48QBHXH0XE4_pre73.png
https://images.squarespace-cdn.com/content/v1/5b68a4e4a2772c2a206180a1/1561661053071-FU669BW1UVY1MQVMMQBY/blue3.png,1561661053071-FU669BW1UVY1MQVMMQBY_blue3.png
https://images.squarespace-cdn.com/content/v1/5b68a4e4a2772c2a206180a1/1544126829398-G8I764MG3PG4CS5VJYSP/rxnecsilogo.jpg,1544126829398-G8I764MG3PG4CS5VJYSP_rxnecsilogo.jpg
https://images.squarespace-cdn.com/content/v1/5b68a4e4a2772c2a206180a1/1544112463569-WCZ12WITIV5AQ66SFNXG/image-asset.png,1544112463569-WCZ12WITIV5AQ66SFNXG_image-asset.png
https://images.squarespace-cdn.com/content/v1/5b68a4e4a2772c2a206180a1/1543340351006-8ZC0RSTIQU7NU77SZR2P/checkup2.jpg?format=2500w,1543340351006-8ZC0RSTIQU7NU77SZR2P_checkup2.jpg?format=2500w
https://images.squarespace-cdn.com/content/v1/5b68a4e4a2772c2a206180a1/1542726788972-WKTF7O13MGX2YOT3MQMW/costsquality.png,1542726788972-WKTF7O13MGX2YOT3MQMW_costsquality.png
https://images.squarespace-cdn.com/content/v1/5b68a4e4a2772c2a206180a1/1542726826323-LI5JQL6GCEA4LFWZNB1M/error.jpg,1542726826323-LI5JQL6GCEA4LFWZNB1M_error.jpg
https://images.squarespace-cdn.com/content/v1/5b68a4e4a2772c2a206180a1/1542726876867-0AEM0MLU9ZTS6JYBEJMP/organization.png,1542726876867-0AEM0MLU9ZTS6JYBEJMP_organization.png
https://images.squarespace-cdn.com/content/v1/5b68a4e4a2772c2a206180a1/1542726943379-9VQHKYDW5IODMR1VQ1AT/pandemics.png,1542726943379-9VQHKYDW5IODMR1VQ1AT_pandemics.png
https://images.squarespace-cdn.com/content/v1/5b68a4e4a2772c2a206180a1/1586530620059-1FKIPOCDMONJ8JZBQHMO/thumbnail_RT_PCR_sensitivity.jpg,1586530620059-1FKIPOCDMONJ8JZBQHMO_thumbnail_RT_PCR_sensitivity.jpg
https://images-na.ssl-images-amazon.com/images/I/41rQRZQgnDL.jpg,I_41rQRZQgnDL.jpg
https://images.squarespace-cdn.com/content/v1/5b68a4e4a2772c2a206180a1/1543592779263-3C22HDB1LAEQAC4B9843/blue3.png,1543592779263-3C22HDB1LAEQAC4B9843_blue3.png
https://images.squarespace-cdn.com/content/v1/5b68a4e4a2772c2a206180a1/1542744939043-7UZFNGX92WQRSM95CCYF/motherboard.png,1542744939043-7UZFNGX92WQRSM95CCYF_motherboard.png
https://images.squarespace-cdn.com/content/v1/5b68a4e4a2772c2a206180a1/1542744986947-8DCXTYF2A29LC91PLA32/image-asset.png,1542744986947-8DCXTYF2A29LC91PLA32_image-asset.png
https://images.squarespace-cdn.com/content/v1/5b68a4e4a2772c2a206180a1/1542745039723-3RGETIIKORCTWQKCNDQG/geekcom.png,1542745039723-3RGETIIKORCTWQKCNDQG_geekcom.png
https://images.squarespace-cdn.com/content/v1/5b68a4e4a2772c2a206180a1/1542745086124-L4JT5U9QDAKVE5B3UQ4Z/futurism.png,1542745086124-L4JT5U9QDAKVE5B3UQ4Z_futurism.png
https://images.squarespace-cdn.com/content/v1/5b68a4e4a2772c2a206180a1/1542745172677-2FKD37W5M0U0QIWYLZHJ/eleconomista.jpg,1542745172677-2FKD37W5M0U0QIWYLZHJ_eleconomista.jpg
https://images.squarespace-cdn.com/content/v1/5b68a4e4a2772c2a206180a1/1542745210504-RWXJQ2QAQ6S5K92UO1AO/comdig.png,1542745210504-RWXJQ2QAQ6S5K92UO1AO_comdig.png
https://images.squarespace-cdn.com/content/v1/5b68a4e4a2772c2a206180a1/1542745248882-SQRAHXTIZZJO0Q0BTVBR/physorg1.png,1542745248882-SQRAHXTIZZJO0Q0BTVBR_physorg1.png
https://images.squarespace-cdn.com/content/v1/5b68a4e4a2772c2a206180a1/1542745331198-ESXVFDLMU3OXNUQ4ET3F/image-asset.png,1542745331198-ESXVFDLMU3OXNUQ4ET3F_image-asset.png
https://images.squarespace-cdn.com/content/v1/5b68a4e4a2772c2a206180a1/1542745359923-H18QIZ8IP0BC246Y4SGT/image-asset.png,1542745359923-H18QIZ8IP0BC246Y4SGT_image-asset.png
https://images.squarespace-cdn.com/content/v1/5b68a4e4a2772c2a206180a1/1542745388967-4IDGHCPIHXED3TYMJY65/image-asset.png,1542745388967-4IDGHCPIHXED3TYMJY65_image-asset.png
https://images.squarespace-cdn.com/content/v1/5b68a4e4a2772c2a206180a1/1542745446920-EDH5OIX5CK8SEI9E16SG/image-asset.png,1542745446920-EDH5OIX5CK8SEI9E16SG_image-asset.png
https://images.squarespace-cdn.com/content/v1/5b68a4e4a2772c2a206180a1/1544038425173-6TSRYPXYN31I4SXYLS5Y/CXProfile2.png,1544038425173-6TSRYPXYN31I4SXYLS5Y_CXProfile2.png
https://images.squarespace-cdn.com/content/v1/5b68a4e4a2772c2a206180a1/1542298621443-KKV5YZQTJ705WK32T3FN/LeykumL.jpg,1542298621443-KKV5YZQTJ705WK32T3FN_LeykumL.jpg
https://images.squarespace-cdn.com/content/v1/5b68a4e4a2772c2a206180a1/1543594962524-VT3HR4G8WKBGKOU4V34N/food_7_2012.jpg,1543594962524-VT3HR4G8WKBGKOU4V34N_food_7_2012.jpg
https://images.squarespace-cdn.com/content/v1/5b68a4e4a2772c2a206180a1/1543594995897-JISPOYOAA89NK0Y0ZR9G/food_7_2012_2.png,1543594995897-JISPOYOAA89NK0Y0ZR9G_food_7_2012_2.png
https://images.squarespace-cdn.com/content/v1/5b68a4e4a2772c2a206180a1/1543595052278-18JL11SSYMNUNO0EITW3/blue3.png,1543595052278-18JL11SSYMNUNO0EITW3_blue3.png
https://images.squarespace-cdn.com/content/v1/5b68a4e4a2772c2a206180a1/1543595647666-95QZ5F556RYJHOSOKZ96/cnn.png,1543595647666-95QZ5F556RYJHOSOKZ96_cnn.png
https://images.squarespace-cdn.com/content/v1/5b68a4e4a2772c2a206180a1/1543595693191-JVZPYLY0G1V8P2010ELK/sympatico.png,1543595693191-JVZPYLY0G1V8P2010ELK_sympatico.png
https://images.squarespace-cdn.com/content/v1/5b68a4e4a2772c2a206180a1/1543595732717-ZA59Q4NQICPSBLRK8U2H/image-asset.png,1543595732717-ZA59Q4NQICPSBLRK8U2H_image-asset.png
https://images.squarespace-cdn.com/content/v1/5b68a4e4a2772c2a206180a1/1543595781731-HFVC2RT2JZUT1MHOFRGN/rt.png,1543595781731-HFVC2RT2JZUT1MHOFRGN_rt.png
https://images.squarespace-cdn.com/content/v1/5b68a4e4a2772c2a206180a1/1543595822095-IVSL1W6KDP3A63CCNZUE/phil-valentine.gif,1543595822095-IVSL1W6KDP3A63CCNZUE_phil-valentine.gif
https://images.squarespace-cdn.com/content/v1/5b68a4e4a2772c2a206180a1/1543595877251-E7DKBY5U85QRP489H1S2/wired.png,1543595877251-E7DKBY5U85QRP489H1S2_wired.png
https://images.squarespace-cdn.com/content/v1/5b68a4e4a2772c2a206180a1/1543595921901-10SHLF6BK20EDDKVDIN1/time.png,1543595921901-10SHLF6BK20EDDKVDIN1_time.png
https://images.squarespace-cdn.com/content/v1/5b68a4e4a2772c2a206180a1/1543595965202-1M2VVEU9WFEHKH64GS1C/washingtonpost.png,1543595965202-1M2VVEU9WFEHKH64GS1C_washingtonpost.png
https://images.squarespace-cdn.com/content/v1/5b68a4e4a2772c2a206180a1/1543596017798-KJC7T4H3D1VU0E7MNXV3/washingtonpost.png,1543596017798-KJC7T4H3D1VU0E7MNXV3_washingtonpost.png
https://images.squarespace-cdn.com/content/v1/5b68a4e4a2772c2a206180a1/1543596061156-1DN7PX9S6CZNLE9MPJS0/washingtonpost.png,1543596061156-1DN7PX9S6CZNLE9MPJS0_washingtonpost.png
https://images.squarespace-cdn.com/content/v1/5b68a4e4a2772c2a206180a1/1543596101844-7S7DTADAQ8KBWUVFWGPS/washingtontimes.png,1543596101844-7S7DTADAQ8KBWUVFWGPS_washingtontimes.png
https://images.squarespace-cdn.com/content/v1/5b68a4e4a2772c2a206180a1/1543596145389-MFDB9IBU8CWIHYEX201A/smithsonian.png,1543596145389-MFDB9IBU8CWIHYEX201A_smithsonian.png
https://images.squarespace-cdn.com/content/v1/5b68a4e4a2772c2a206180a1/1543596185592-O5CWY0FRXG5FNOE0LRAS/forbes.png,1543596185592-O5CWY0FRXG5FNOE0LRAS_forbes.png
https://images.squarespace-cdn.com/content/v1/5b68a4e4a2772c2a206180a1/1543596230859-NCKI1JU2375ZMEB73GAQ/aljazeera.png,1543596230859-NCKI1JU2375ZMEB73GAQ_aljazeera.png
https://images.squarespace-cdn.com/content/v1/5b68a4e4a2772c2a206180a1/1543596949753-5IL8F2WLBFZY83IX1QIC/theguardian.png,1543596949753-5IL8F2WLBFZY83IX1QIC_theguardian.png
https://images.squarespace-cdn.com/content/v1/5b68a4e4a2772c2a206180a1/1543596993001-6ISRPJYGWYSJOIFNXDUY/theguardian.png,1543596993001-6ISRPJYGWYSJOIFNXDUY_theguardian.png
https://images.squarespace-cdn.com/content/v1/5b68a4e4a2772c2a206180a1/1543597060957-ZGBOZE4Q6MW6HZJYYLGC/lemonde.png,1543597060957-ZGBOZE4Q6MW6HZJYYLGC_lemonde.png
https://images.squarespace-cdn.com/content/v1/5b68a4e4a2772c2a206180a1/1543602499240-DKQ8IMA81KHP07A0UOKK/theatlantic.png,1543602499240-DKQ8IMA81KHP07A0UOKK_theatlantic.png
https://images.squarespace-cdn.com/content/v1/5b68a4e4a2772c2a206180a1/1543602665732-31FPLYUG62VYMXG7S25A/theatlantic.png,1543602665732-31FPLYUG62VYMXG7S25A_theatlantic.png
https://images.squarespace-cdn.com/content/v1/5b68a4e4a2772c2a206180a1/1543602721606-1T095GTVOX3VQGF0KNFK/sundaytimes.png,1543602721606-1T095GTVOX3VQGF0KNFK_sundaytimes.png
https://images.squarespace-cdn.com/content/v1/5b68a4e4a2772c2a206180a1/1543602813355-JFD6HMGD3L95QGXG36MX/christiansciencemonitor.png,1543602813355-JFD6HMGD3L95QGXG36MX_christiansciencemonitor.png
https://images.squarespace-cdn.com/content/v1/5b68a4e4a2772c2a206180a1/1543602857263-4PNT1CLSVLT8WU9Y6L5C/image-asset.png,1543602857263-4PNT1CLSVLT8WU9Y6L5C_image-asset.png
https://images.squarespace-cdn.com/content/v1/5b68a4e4a2772c2a206180a1/1543602906865-E3F36UMMZ378KQICTI9V/cfr.png,1543602906865-E3F36UMMZ378KQICTI9V_cfr.png
https://images.squarespace-cdn.com/content/v1/5b68a4e4a2772c2a206180a1/1543602951581-Y8SLQZ4KQBH10SA2SIH6/image-asset.png,1543602951581-Y8SLQZ4KQBH10SA2SIH6_image-asset.png
https://images.squarespace-cdn.com/content/v1/5b68a4e4a2772c2a206180a1/1543603007887-7UVAG2MDMMXU198AAIGW/image-asset.png,1543603007887-7UVAG2MDMMXU198AAIGW_image-asset.png
https://images.squarespace-cdn.com/content/v1/5b68a4e4a2772c2a206180a1/1543603054985-W7XVSRZPQK2ORF51L2K4/vice.png,1543603054985-W7XVSRZPQK2ORF51L2K4_vice.png
https://images.squarespace-cdn.com/content/v1/5b68a4e4a2772c2a206180a1/1543603101220-J35JKBBJE9CUNZBTY334/motherboard.png,1543603101220-J35JKBBJE9CUNZBTY334_motherboard.png
https://images.squarespace-cdn.com/content/v1/5b68a4e4a2772c2a206180a1/1543603140620-7FA8OIX9SIUQATWHAP7G/agweb.png,1543603140620-7FA8OIX9SIUQATWHAP7G_agweb.png
https://images.squarespace-cdn.com/content/v1/5b68a4e4a2772c2a206180a1/1543603184033-BY4S22UDNZDK082Q8T1K/emergingmarkets.png,1543603184033-BY4S22UDNZDK082Q8T1K_emergingmarkets.png
https://images.squarespace-cdn.com/content/v1/5b68a4e4a2772c2a206180a1/1543603235125-75Q8VCAAWG64MU1FFORF/image-asset.png,1543603235125-75Q8VCAAWG64MU1FFORF_image-asset.png
https://images.squarespace-cdn.com/content/v1/5b68a4e4a2772c2a206180a1/1543603291072-VZ1K9O8KMZRC1JP2L5W3/kurzweil.png,1543603291072-VZ1K9O8KMZRC1JP2L5W3_kurzweil.png
https://images.squarespace-cdn.com/content/v1/5b68a4e4a2772c2a206180a1/1543603341508-YBA2PD3AF455FBS8P38B/slashdot.png,1543603341508-YBA2PD3AF455FBS8P38B_slashdot.png
https://images.squarespace-cdn.com/content/v1/5b68a4e4a2772c2a206180a1/1543603391171-8QXBNE7SVX6CWAI21V6M/reddit.png,1543603391171-8QXBNE7SVX6CWAI21V6M_reddit.png
https://images.squarespace-cdn.com/content/v1/5b68a4e4a2772c2a206180a1/1543603439599-65FEVGELIQTE538UDTY6/reddit.png,1543603439599-65FEVGELIQTE538UDTY6_reddit.png
https://images.squarespace-cdn.com/content/v1/5b68a4e4a2772c2a206180a1/1543603486194-VNKJK5C3HTS727UN84SA/rt.png,1543603486194-VNKJK5C3HTS727UN84SA_rt.png
https://images.squarespace-cdn.com/content/v1/5b68a4e4a2772c2a206180a1/1543603532427-TB8PL06MDQ3ESOY1EF2X/dailykos.png,1543603532427-TB8PL06MDQ3ESOY1EF2X_dailykos.png
https://images.squarespace-cdn.com/content/v1/5b68a4e4a2772c2a206180a1/1543603587735-UQ1QVTITB4QV0JE4CRAJ/registerguard.png,1543603587735-UQ1QVTITB4QV0JE4CRAJ_registerguard.png
https://images.squarespace-cdn.com/content/v1/5b68a4e4a2772c2a206180a1/1543603648730-782OP7LZDJLCI75CFK69/giornalettismo.png,1543603648730-782OP7LZDJLCI75CFK69_giornalettismo.png
https://images.squarespace-cdn.com/content/v1/5b68a4e4a2772c2a206180a1/1543603699148-2SDULKU4R5U4KZVOWIA6/greenreport.png,1543603699148-2SDULKU4R5U4KZVOWIA6_greenreport.png
https://images.squarespace-cdn.com/content/v1/5b68a4e4a2772c2a206180a1/1543603810928-L3H8XD31XJ7KJE62GLWW/biofuelsdigest.png,1543603810928-L3H8XD31XJ7KJE62GLWW_biofuelsdigest.png
https://images.squarespace-cdn.com/content/v1/5b68a4e4a2772c2a206180a1/1543603904365-JQGT2V5GAHM4XOAI1YIQ/ecowatch.png,1543603904365-JQGT2V5GAHM4XOAI1YIQ_ecowatch.png
https://images.squarespace-cdn.com/content/v1/5b68a4e4a2772c2a206180a1/1543604033944-QLKE66WEIFDD7D9NTW3U/greenchipstocks.png,1543604033944-QLKE66WEIFDD7D9NTW3U_greenchipstocks.png
https://images.squarespace-cdn.com/content/v1/5b68a4e4a2772c2a206180a1/1543604090793-P3EDNBTM6JXHASVPXKBN/farmgate.png,1543604090793-P3EDNBTM6JXHASVPXKBN_farmgate.png
https://images.squarespace-cdn.com/content/v1/5b68a4e4a2772c2a206180a1/1543604159123-DS5D3CL50VPLTLVZG9OS/capitalofnasty.png,1543604159123-DS5D3CL50VPLTLVZG9OS_capitalofnasty.png
https://images.squarespace-cdn.com/content/v1/5b68a4e4a2772c2a206180a1/1543604203076-JG6P2SXVZ63CFBZYDEL9/contrarianinsights.png,1543604203076-JG6P2SXVZ63CFBZYDEL9_contrarianinsights.png
https://images.squarespace-cdn.com/content/v1/5b68a4e4a2772c2a206180a1/1543604257377-96TKFI6FPYO2VOJ4D6LY/personallibertydigest.png,1543604257377-96TKFI6FPYO2VOJ4D6LY_personallibertydigest.png
https://images.squarespace-cdn.com/content/v1/5b68a4e4a2772c2a206180a1/1543604315024-C84FWPZ6ZAZIU3T1I3AM/thedailyimpact.png,1543604315024-C84FWPZ6ZAZIU3T1I3AM_thedailyimpact.png
https://images.squarespace-cdn.com/content/v1/5b68a4e4a2772c2a206180a1/1543604389381-UJS126SDIANXFZZWQ3HI/endinghunger.png,1543604389381-UJS126SDIANXFZZWQ3HI_endinghunger.png
https://images.squarespace-cdn.com/content/v1/5b68a4e4a2772c2a206180a1/1543604445775-I880THYTJQ7I3SQDRI5K/elpais.png,1543604445775-I880THYTJQ7I3SQDRI5K_elpais.png
https://images.squarespace-cdn.com/content/v1/5b68a4e4a2772c2a206180a1/1543604501043-PRQ0IBFRPO6C1JK8NYW4/ekklesia.png,1543604501043-PRQ0IBFRPO6C1JK8NYW4_ekklesia.png
https://images.squarespace-cdn.com/content/v1/5b68a4e4a2772c2a206180a1/1543604558255-9IYNEGLBY2H7V69PVRVR/randompolicy.png,1543604558255-9IYNEGLBY2H7V69PVRVR_randompolicy.png
https://images.squarespace-cdn.com/content/v1/5b68a4e4a2772c2a206180a1/1543604625795-OU5KUEUIITQZLLG5JG57/inhabitat.png,1543604625795-OU5KUEUIITQZLLG5JG57_inhabitat.png
https://images.squarespace-cdn.com/content/v1/5b68a4e4a2772c2a206180a1/1543604675792-JG9ATOC5W5KKLS69QJ38/countercurrents2.png,1543604675792-JG9ATOC5W5KKLS69QJ38_countercurrents2.png
https://images.squarespace-cdn.com/content/v1/5b68a4e4a2772c2a206180a1/1543604734746-PR052QUWSXDQFXAJY51A/lenta.gif,1543604734746-PR052QUWSXDQFXAJY51A_lenta.gif
https://images.squarespace-cdn.com/content/v1/5b68a4e4a2772c2a206180a1/1543604855352-OT8BJD8IHC08J1IOYWLG/awramba.png,1543604855352-OT8BJD8IHC08J1IOYWLG_awramba.png
https://images.squarespace-cdn.com/content/v1/5b68a4e4a2772c2a206180a1/1543605022277-INOGY8Y3844A44VLX8LJ/motherjones.png,1543605022277-INOGY8Y3844A44VLX8LJ_motherjones.png
https://images.squarespace-cdn.com/content/v1/5b68a4e4a2772c2a206180a1/1543605050987-5PYX4APV7SHUU30FDD8G/yahoonews.png,1543605050987-5PYX4APV7SHUU30FDD8G_yahoonews.png
https://images.squarespace-cdn.com/content/v1/5b68a4e4a2772c2a206180a1/1543605098204-ALX26SB2TPQYI815UX0D/digg.png,1543605098204-ALX26SB2TPQYI815UX0D_digg.png
https://images.squarespace-cdn.com/content/v1/5b68a4e4a2772c2a206180a1/1543605142449-6QY5MEQU202BIRG2QK0H/infoshop.png,1543605142449-6QY5MEQU202BIRG2QK0H_infoshop.png
https://images.squarespace-cdn.com/content/v1/5b68a4e4a2772c2a206180a1/1543605165966-XZO6FGGR563Y5IBUC8I6/sott.png,1543605165966-XZO6FGGR563Y5IBUC8I6_sott.png
https://images.squarespace-cdn.com/content/v1/5b68a4e4a2772c2a206180a1/1543605202720-4QFEG6TBM6U6OJAH7PD6/post-gazette.png,1543605202720-4QFEG6TBM6U6OJAH7PD6_post-gazette.png
https://images.squarespace-cdn.com/content/v1/5b68a4e4a2772c2a206180a1/1543605245088-KB5HKNFDIEP4JR9IQ6IZ/energykorea.png,1543605245088-KB5HKNFDIEP4JR9IQ6IZ_energykorea.png
https://images.squarespace-cdn.com/content/v1/5b68a4e4a2772c2a206180a1/1543605272525-20HZUGZL365Y20SPIH7M/grist.png,1543605272525-20HZUGZL365Y20SPIH7M_grist.png
https://images.squarespace-cdn.com/content/v1/5b68a4e4a2772c2a206180a1/1543605309916-AH582PAYCMB09PGOVCB9/climatedesk.png,1543605309916-AH582PAYCMB09PGOVCB9_climatedesk.png
https://images.squarespace-cdn.com/content/v1/5b68a4e4a2772c2a206180a1/1543605349528-EWT8QU1V646ZFR3GJ8XZ/democratic_underground.png,1543605349528-EWT8QU1V646ZFR3GJ8XZ_democratic_underground.png
https://images.squarespace-cdn.com/content/v1/5b68a4e4a2772c2a206180a1/1543605376822-VA2BVFKVTHXYTAEIBCRZ/earthfirst.png,1543605376822-VA2BVFKVTHXYTAEIBCRZ_earthfirst.png
https://images.squarespace-cdn.com/content/v1/5b68a4e4a2772c2a206180a1/1543605417743-FHJKTQJZ4KIS4JOCBX9Y/californiagasprices.png,1543605417743-FHJKTQJZ4KIS4JOCBX9Y_californiagasprices.png
https://images.squarespace-cdn.com/content/v1/5b68a4e4a2772c2a206180a1/1543605464491-F1EWEMQ13QIPB18GK4MM/riversidegasprices.png,1543605464491-F1EWEMQ13QIPB18GK4MM_riversidegasprices.png
https://images.squarespace-cdn.com/content/v1/5b68a4e4a2772c2a206180a1/1541783079766-U5V3GR6MX1S63K9S7PVQ/morales.jpg,1541783079766-U5V3GR6MX1S63K9S7PVQ_morales.jpg
https://images.squarespace-cdn.com/content/v1/5b68a4e4a2772c2a206180a1/1544218680013-Z4BDVJNE84XTXY4NH3ST/huffingtonpost.png,1544218680013-Z4BDVJNE84XTXY4NH3ST_huffingtonpost.png
https://images.squarespace-cdn.com/content/v1/5b68a4e4a2772c2a206180a1/1544218708472-8G15JFXGK602VUJQ0F6A/image-asset.jpeg,1544218708472-8G15JFXGK602VUJQ0F6A_image-asset.jpeg
https://images.squarespace-cdn.com/content/v1/5b68a4e4a2772c2a206180a1/1544218743062-JQVJ51W99HYOZXGRRILZ/MITnews.png,1544218743062-JQVJ51W99HYOZXGRRILZ_MITnews.png
https://images.squarespace-cdn.com/content/v1/5b68a4e4a2772c2a206180a1/1544218770994-THTZ0IGK9IEPANOM9VZS/image-asset.png,1544218770994-THTZ0IGK9IEPANOM9VZS_image-asset.png
https://images.squarespace-cdn.com/content/v1/5b68a4e4a2772c2a206180a1/1544218821435-JTJ3RKVM3JXA3GCWNU9S/science.png,1544218821435-JTJ3RKVM3JXA3GCWNU9S_science.png
https://images.squarespace-cdn.com/content/v1/5b68a4e4a2772c2a206180a1/1544218953629-JG4T9C2B66ZLLX4EZ0DX/Scoreboard-static-clean-Apr5.png,1544218953629-JG4T9C2B66ZLLX4EZ0DX_Scoreboard-static-clean-Apr5.png
https://images.squarespace-cdn.com/content/v1/5b68a4e4a2772c2a206180a1/1593025243018-K30CIVJGVUU14YD2QFMX/CT_benefits_EQ1.png,1593025243018-K30CIVJGVUU14YD2QFMX_CT_benefits_EQ1.png
https://images.squarespace-cdn.com/content/v1/5b68a4e4a2772c2a206180a1/1593025436965-6SOT7RREOEN4D8GHS5WH/CT_benefits_EQ2.png,1593025436965-6SOT7RREOEN4D8GHS5WH_CT_benefits_EQ2.png
https://images.squarespace-cdn.com/content/v1/5b68a4e4a2772c2a206180a1/1593028295618-EVOSH3FUR5SAC7STWH5H/NewYork.png,1593028295618-EVOSH3FUR5SAC7STWH5H_NewYork.png
https://images.squarespace-cdn.com/content/v1/5b68a4e4a2772c2a206180a1/1593028310484-06HF3R8IFYYLGZLGXJAF/Massachusetts.png,1593028310484-06HF3R8IFYYLGZLGXJAF_Massachusetts.png
https://images.squarespace-cdn.com/content/v1/5b68a4e4a2772c2a206180a1/1543421771573-TOMQA9O7JPCQ9GR5XI2M/Army_ants_by_cc-by-flickr_user_axel_rouvin.jpg?format=2500w,1543421771573-TOMQA9O7JPCQ9GR5XI2M_Army_ants_by_cc-by-flickr_user_axel_rouvin.jpg?format=2500w
https://images.squarespace-cdn.com/content/v1/5b68a4e4a2772c2a206180a1/1543350997407-KOF0DCRX6F9S6XJ4G5B4/Canis_lupus_pack_surrounding_Bison.jpg,1543350997407-KOF0DCRX6F9S6XJ4G5B4_Canis_lupus_pack_surrounding_Bison.jpg
https://images.squarespace-cdn.com/content/v1/5b68a4e4a2772c2a206180a1/1543352062474-OEFNBAJV9FCLRL1SKP38/stegodyphus_dumicola_foraging_trine_bilde_small.jpg,1543352062474-OEFNBAJV9FCLRL1SKP38_stegodyphus_dumicola_foraging_trine_bilde_small.jpg
https://images.squarespace-cdn.com/content/v1/5b68a4e4a2772c2a206180a1/1543352656619-UU2VOG83A61UKQ63S0IP/shrimpgobi_ccbync_flickr_user_PacificKlaus.jpg,1543352656619-UU2VOG83A61UKQ63S0IP_shrimpgobi_ccbync_flickr_user_PacificKlaus.jpg
https://images.squarespace-cdn.com/content/v1/5b68a4e4a2772c2a206180a1/1543352771314-GRD7NKB8BF37X18EPPE0/CelegansGoldsteinLabUNC.jpg,1543352771314-GRD7NKB8BF37X18EPPE0_CelegansGoldsteinLabUNC.jpg
https://images.squarespace-cdn.com/content/v1/5b68a4e4a2772c2a206180a1/1543352826678-7RMD4GEHOV5HVEJKO4T9/Army_ants_by_cc-by-flickr_user_axel_rouvin.jpg,1543352826678-7RMD4GEHOV5HVEJKO4T9_Army_ants_by_cc-by-flickr_user_axel_rouvin.jpg
https://images-na.ssl-images-amazon.com/images/I/51av9TbvM8L.jpg,I_51av9TbvM8L.jpg
https://images.squarespace-cdn.com/content/v1/5b68a4e4a2772c2a206180a1/1609353955781-HKL0YJ6XOF7OMVH1CA8M/C-CAS_logo_final_circle.png,1609353955781-HKL0YJ6XOF7OMVH1CA8M_C-CAS_logo_final_circle.png
https://images.squarespace-cdn.com/content/v1/5b68a4e4a2772c2a206180a1/1609182416519-8XN3DFCBHVKE2LVN29FZ/ECV.jpg,1609182416519-8XN3DFCBHVKE2LVN29FZ_ECV.jpg
https://images.squarespace-cdn.com/content/v1/5b68a4e4a2772c2a206180a1/1609338544856-4K77MWEFWNE7RTCIJAR3/CAG+logo+revised+122820+%282%29.png,1609338544856-4K77MWEFWNE7RTCIJAR3_CAG+logo+revised+122820+%282%29.png
https://images.squarespace-cdn.com/content/v1/5b68a4e4a2772c2a206180a1/1609182004393-4A9FHERWBAR0FPM4M8RU/zero-covid-alliance.png,1609182004393-4A9FHERWBAR0FPM4M8RU_zero-covid-alliance.png
https://images.squarespace-cdn.com/content/v1/5b68a4e4a2772c2a206180a1/1609182833205-NK8EZAMODO4MJK2B8F73/ISAG.png,1609182833205-NK8EZAMODO4MJK2B8F73_ISAG.png
https://images.squarespace-cdn.com/content/v1/5b68a4e4a2772c2a206180a1/1609250863651-C8EUO7LC2FHE6IYO6PY9/Logo.jpg,1609250863651-C8EUO7LC2FHE6IYO6PY9_Logo.jpg
https://images.squarespace-cdn.com/content/v1/5b68a4e4a2772c2a206180a1/1609251433701-RNO0FPOJ2YLQIS01R5LY/NSVD.png,1609251433701-RNO0FPOJ2YLQIS01R5LY_NSVD.png
https://images.squarespace-cdn.com/content/v1/5b68a4e4a2772c2a206180a1/1609881873375-Y55RYKR5GVOBY9S5X4H8/MakeGoodTogether_Rectangle.png,1609881873375-Y55RYKR5GVOBY9S5X4H8_MakeGoodTogether_Rectangle.png
https://images.squarespace-cdn.com/content/v1/5b68a4e4a2772c2a206180a1/1611332419885-45CRUF8E98CSVB5B194M/USPIRG.jpg,1611332419885-45CRUF8E98CSVB5B194M_USPIRG.jpg
https://images.squarespace-cdn.com/content/v1/5b68a4e4a2772c2a206180a1/1611332475111-PC7MV85GNBK1M1KB6DI6/CSfC-Final.png,1611332475111-PC7MV85GNBK1M1KB6DI6_CSfC-Final.png
https://images.squarespace-cdn.com/content/v1/5b68a4e4a2772c2a206180a1/1611600426279-HA1D502U6IAHKFM1JON2/MaskTogetherAmerica_logo.jpg,1611600426279-HA1D502U6IAHKFM1JON2_MaskTogetherAmerica_logo.jpg
https://images.squarespace-cdn.com/content/v1/5b68a4e4a2772c2a206180a1/1544130306231-UW5OXI4NGZM3BOYSE83T/approximation.png,1544130306231-UW5OXI4NGZM3BOYSE83T_approximation.png
https://images.squarespace-cdn.com/content/v1/5b68a4e4a2772c2a206180a1/1544112331082-N5OMVZT0LI2EH5IMZJO3/blue3.png,1544112331082-N5OMVZT0LI2EH5IMZJO3_blue3.png
https://images.squarespace-cdn.com/content/v1/5b68a4e4a2772c2a206180a1/1543872726938-7CELPWZYHS3MBG9OU5AQ/zika_micro_colombia_growth_1.png,1543872726938-7CELPWZYHS3MBG9OU5AQ_zika_micro_colombia_growth_1.png
https://images.squarespace-cdn.com/content/v1/5b68a4e4a2772c2a206180a1/1543872768596-MVSAK0UN81GJLNHTF80L/blue3.png,1543872768596-MVSAK0UN81GJLNHTF80L_blue3.png
https://images.squarespace-cdn.com/content/v1/5b68a4e4a2772c2a206180a1/1543872863846-9YSZ2JU6I6B1B8BCOFC6/image-asset.png,1543872863846-9YSZ2JU6I6B1B8BCOFC6_image-asset.png
https://images.squarespace-cdn.com/content/v1/5b68a4e4a2772c2a206180a1/1543872891667-MKYVJLIWL0SIXQEZ93NW/image-asset.png,1543872891667-MKYVJLIWL0SIXQEZ93NW_image-asset.png
https://images.squarespace-cdn.com/content/v1/5b68a4e4a2772c2a206180a1/1543872925683-RH3L7YO8A820KBO7H8XQ/image-asset.png,1543872925683-RH3L7YO8A820KBO7H8XQ_image-asset.png
https://images.squarespace-cdn.com/content/v1/5b68a4e4a2772c2a206180a1/1543872982080-P7GW3Z9APGG4FRZ7Y8QJ/image-asset.png,1543872982080-P7GW3Z9APGG4FRZ7Y8QJ_image-asset.png
https://images.squarespace-cdn.com/content/v1/5b68a4e4a2772c2a206180a1/1589464098522-T9AC7WM2761Z1YLLZBT8/Freight-Time-and-Cost-Optimization-in-Complex-Logistics-Networks.png,1589464098522-T9AC7WM2761Z1YLLZBT8_Freight-Time-and-Cost-Optimization-in-Complex-Logistics-Networks.png
https://images.squarespace-cdn.com/content/v1/5b68a4e4a2772c2a206180a1/1543865315083-OBA7QAZE3LO3RR74JLVK/image-asset.png,1543865315083-OBA7QAZE3LO3RR74JLVK_image-asset.png
https://images-na.ssl-images-amazon.com/images/I/41mPQBT4QEL.jpg,I_41mPQBT4QEL.jpg
https://images.squarespace-cdn.com/content/v1/5b68a4e4a2772c2a206180a1/1547574559800-VU5IK0NJVUG6TDKIQ87X/cherry-blossom-3882205.jpg?format=2500w,1547574559800-VU5IK0NJVUG6TDKIQ87X_cherry-blossom-3882205.jpg?format=2500w
https://images.squarespace-cdn.com/content/v1/5b68a4e4a2772c2a206180a1/1547572466741-WTNDXOYHZN8RFPCRF4JG/wired.png,1547572466741-WTNDXOYHZN8RFPCRF4JG_wired.png
https://images.squarespace-cdn.com/content/v1/5b68a4e4a2772c2a206180a1/1547572509934-V9XLTICNTUVFXW9RBYYM/thetakeaway.png,1547572509934-V9XLTICNTUVFXW9RBYYM_thetakeaway.png
https://images.squarespace-cdn.com/content/v1/5b68a4e4a2772c2a206180a1/1547572545206-5669PB3SRPSFXUURGQJX/image-asset.png,1547572545206-5669PB3SRPSFXUURGQJX_image-asset.png
https://images.squarespace-cdn.com/content/v1/5b68a4e4a2772c2a206180a1/1547572589080-G5FT7H676PBWIVXTFKSJ/nytimes.png,1547572589080-G5FT7H676PBWIVXTFKSJ_nytimes.png
https://images.squarespace-cdn.com/content/v1/5b68a4e4a2772c2a206180a1/1547572621901-67KJV69V2UT6WRF9RIWT/theatlantic.png,1547572621901-67KJV69V2UT6WRF9RIWT_theatlantic.png
https://images.squarespace-cdn.com/content/v1/5b68a4e4a2772c2a206180a1/1547572651309-XQTLCCWVQIO66438W9TQ/image-asset.png,1547572651309-XQTLCCWVQIO66438W9TQ_image-asset.png
https://images.squarespace-cdn.com/content/v1/5b68a4e4a2772c2a206180a1/1547572705934-XC9HB0WUKBA4RLUPUWK9/lemonde.png,1547572705934-XC9HB0WUKBA4RLUPUWK9_lemonde.png
https://images.squarespace-cdn.com/content/v1/5b68a4e4a2772c2a206180a1/1547572733069-RIRU8GAOHWOWQXVBX5JV/zeitonline.png,1547572733069-RIRU8GAOHWOWQXVBX5JV_zeitonline.png
https://images.squarespace-cdn.com/content/v1/5b68a4e4a2772c2a206180a1/1547572763414-HNR7XJY9T7RONM38QM6D/image-asset.png,1547572763414-HNR7XJY9T7RONM38QM6D_image-asset.png
https://images.squarespace-cdn.com/content/v1/5b68a4e4a2772c2a206180a1/1547573292553-40OF51IZE5S5ACQUSJFO/general.png,1547573292553-40OF51IZE5S5ACQUSJFO_general.png
https://images.squarespace-cdn.com/content/v1/5b68a4e4a2772c2a206180a1/1547573373216-0K3FVDM691NJYQDN3OV5/MTW.jpg,1547573373216-0K3FVDM691NJYQDN3OV5_MTW.jpg
https://images.squarespace-cdn.com/content/v1/5b68a4e4a2772c2a206180a1/1547573465883-W8GSZ4S9NSCTIJJN1ASP/educ10.jpg,1547573465883-W8GSZ4S9NSCTIJJN1ASP_educ10.jpg
https://images.squarespace-cdn.com/content/v1/5b68a4e4a2772c2a206180a1/1547573650944-WFJXYE4CB76OHILZWC0C/BlockandInclPlane.png,1547573650944-WFJXYE4CB76OHILZWC0C_BlockandInclPlane.png
https://images.squarespace-cdn.com/content/v1/5b68a4e4a2772c2a206180a1/1547573751083-TFE3TDWNS6NOMBMFAZM3/DCS.png,1547573751083-TFE3TDWNS6NOMBMFAZM3_DCS.png
https://images.squarespace-cdn.com/content/v1/5b68a4e4a2772c2a206180a1/1547573850607-AXZZOG4UNORAMZF9S181/unifying.jpg,1547573850607-AXZZOG4UNORAMZF9S181_unifying.jpg
https://images.squarespace-cdn.com/content/v1/5b68a4e4a2772c2a206180a1/1547574271617-O6YZGWQ2E5LZRZTNOFRX/spatial.png,1547574271617-O6YZGWQ2E5LZRZTNOFRX_spatial.png
https://images.squarespace-cdn.com/content/v1/5b68a4e4a2772c2a206180a1/1547574305138-9W3F6XBPT2KWD8RT1ORQ/longevity.png,1547574305138-9W3F6XBPT2KWD8RT1ORQ_longevity.png
https://images.squarespace-cdn.com/content/v1/5b68a4e4a2772c2a206180a1/1547574662704-UAQ943NRA6JPZZSXI5D6/worldwide.png,1547574662704-UAQ943NRA6JPZZSXI5D6_worldwide.png
https://images.squarespace-cdn.com/content/v1/5b68a4e4a2772c2a206180a1/1547574699759-615KQHS35VEHH2AKMEGR/teams.jpg,1547574699759-615KQHS35VEHH2AKMEGR_teams.jpg
https://images.squarespace-cdn.com/content/v1/5b68a4e4a2772c2a206180a1/1547574799455-24TWQQKV5SLCAFYK9K01/rising.jpg,1547574799455-24TWQQKV5SLCAFYK9K01_rising.jpg
https://images.squarespace-cdn.com/content/v1/5b68a4e4a2772c2a206180a1/1547574877549-S08QF7NYZSGJ913474KZ/zika.png,1547574877549-S08QF7NYZSGJ913474KZ_zika.png
https://images.squarespace-cdn.com/content/v1/5b68a4e4a2772c2a206180a1/1547574960501-W9OHA0WQBMLZG5YYS38D/beyondcontact.png,1547574960501-W9OHA0WQBMLZG5YYS38D_beyondcontact.png
https://images.squarespace-cdn.com/content/v1/5b68a4e4a2772c2a206180a1/1547575049201-HT16MREFCWDWWV94OOV5/foodcrisis.png,1547575049201-HT16MREFCWDWWV94OOV5_foodcrisis.png
https://images.squarespace-cdn.com/content/v1/5b68a4e4a2772c2a206180a1/1544116494634-L069S5750WJDYU768DGR/education.jpg?format=2500w,1544116494634-L069S5750WJDYU768DGR_education.jpg?format=2500w
https://images.squarespace-cdn.com/content/v1/5b68a4e4a2772c2a206180a1/1544116421682-1918FLG8RXA1OZZDOWGN/ruin.png,1544116421682-1918FLG8RXA1OZZDOWGN_ruin.png
https://images.squarespace-cdn.com/content/v1/5b68a4e4a2772c2a206180a1/1542296091108-DQ7NET8Z24PMZNS4G0QU/baranger.gif,1542296091108-DQ7NET8Z24PMZNS4G0QU_baranger.gif
https://images-na.ssl-images-amazon.com/images/I/41WT7ZpIVRL.jpg,I_41WT7ZpIVRL.jpg
https://images.squarespace-cdn.com/content/v1/5b68a4e4a2772c2a206180a1/1543592544679-104GOWY82505YMT70WRF/blue3.png,1543592544679-104GOWY82505YMT70WRF_blue3.png
https://images.squarespace-cdn.com/content/v1/5b68a4e4a2772c2a206180a1/1542828285978-MX80NXF8ANEWKXQV4BRT/yugo_big.png,1542828285978-MX80NXF8ANEWKXQV4BRT_yugo_big.png
https://images.squarespace-cdn.com/content/v1/5b68a4e4a2772c2a206180a1/1542828428131-K9E4S8WRSSKJZVLC4HL8/abcnews.png,1542828428131-K9E4S8WRSSKJZVLC4HL8_abcnews.png
https://images.squarespace-cdn.com/content/v1/5b68a4e4a2772c2a206180a1/1542828527521-B2J09URVQB70OKZXGUDJ/msnbc.png,1542828527521-B2J09URVQB70OKZXGUDJ_msnbc.png
https://images.squarespace-cdn.com/content/v1/5b68a4e4a2772c2a206180a1/1542828592715-186L74GT4NLVHYTFGF5J/thetelegraph.png,1542828592715-186L74GT4NLVHYTFGF5J_thetelegraph.png
https://images.squarespace-cdn.com/content/v1/5b68a4e4a2772c2a206180a1/1542828636037-WPXEM96MT3OUOFR1Q34Y/kzsb.png,1542828636037-WPXEM96MT3OUOFR1Q34Y_kzsb.png
https://images.squarespace-cdn.com/content/v1/5b68a4e4a2772c2a206180a1/1542828678075-QHXWRH2WUDL79U4MB4HC/livescience.png,1542828678075-QHXWRH2WUDL79U4MB4HC_livescience.png
https://images.squarespace-cdn.com/content/v1/5b68a4e4a2772c2a206180a1/1542828718183-CUS7DERCFOWCZFRSPZ26/sciencedaily.png,1542828718183-CUS7DERCFOWCZFRSPZ26_sciencedaily.png
https://images.squarespace-cdn.com/content/v1/5b68a4e4a2772c2a206180a1/1542828757064-J6AZEG07C9UP56PJI6ZR/worldscience.png,1542828757064-J6AZEG07C9UP56PJI6ZR_worldscience.png
https://images.squarespace-cdn.com/content/v1/5b68a4e4a2772c2a206180a1/1542828794243-W70AIBMHX35WF36D7H5A/earthtimes.png,1542828794243-W70AIBMHX35WF36D7H5A_earthtimes.png
https://images.squarespace-cdn.com/content/v1/5b68a4e4a2772c2a206180a1/1542828836490-T73KXXVFTBGK63Y7W0IG/thehindu.png,1542828836490-T73KXXVFTBGK63Y7W0IG_thehindu.png
https://images.squarespace-cdn.com/content/v1/5b68a4e4a2772c2a206180a1/1542828885571-2RLUEH5KDK68PCYWMBL1/newindpress.png,1542828885571-2RLUEH5KDK68PCYWMBL1_newindpress.png
https://images.squarespace-cdn.com/content/v1/5b68a4e4a2772c2a206180a1/1542828936181-FA3FE5WGTDZ3I6Z93XQN/cienciahoje.jpg,1542828936181-FA3FE5WGTDZ3I6Z93XQN_cienciahoje.jpg
https://images.squarespace-cdn.com/content/v1/5b68a4e4a2772c2a206180a1/1542828997982-JJAPOKX8BMJOMA37OLAU/sciencenews.png,1542828997982-JJAPOKX8BMJOMA37OLAU_sciencenews.png
https://images.squarespace-cdn.com/content/v1/5b68a4e4a2772c2a206180a1/1542829039016-P5H1YIOGR2T0SY7DQ4GZ/sciencentral.png,1542829039016-P5H1YIOGR2T0SY7DQ4GZ_sciencentral.png
https://images.squarespace-cdn.com/content/v1/5b68a4e4a2772c2a206180a1/1542829086144-B8CJ8MD30V19H5Q5XFLK/techrev.png,1542829086144-B8CJ8MD30V19H5Q5XFLK_techrev.png
https://images.squarespace-cdn.com/content/v1/5b68a4e4a2772c2a206180a1/1542829124342-TI5T2V40I5H2OABSAVER/tendenciassociales.png,1542829124342-TI5T2V40I5H2OABSAVER_tendenciassociales.png
https://images.squarespace-cdn.com/content/v1/5b68a4e4a2772c2a206180a1/1551201354629-5SHCZQ4RI7HNP7IDK8UD/blue3.png,1551201354629-5SHCZQ4RI7HNP7IDK8UD_blue3.png
https://images.squarespace-cdn.com/content/v1/5b68a4e4a2772c2a206180a1/1542231897217-PUCVF56KLX7B0N5EZ5MR/lindsay.jpg,1542231897217-PUCVF56KLX7B0N5EZ5MR_lindsay.jpg
https://images.squarespace-cdn.com/content/v1/5b68a4e4a2772c2a206180a1/1544048985014-BH1LRUC0YTW9QW79YRQW/order-book_1.png,1544048985014-BH1LRUC0YTW9QW79YRQW_order-book_1.png
https://images.squarespace-cdn.com/content/v1/5b68a4e4a2772c2a206180a1/1544049015951-HSA5128S6BKPJFENS54G/image-asset.png,1544049015951-HSA5128S6BKPJFENS54G_image-asset.png
https://images.squarespace-cdn.com/content/v1/5b68a4e4a2772c2a206180a1/1544049040595-BOOGSSB2V7WMVQAIVKZQ/image-asset.png,1544049040595-BOOGSSB2V7WMVQAIVKZQ_image-asset.png
https://images.squarespace-cdn.com/content/v1/5b68a4e4a2772c2a206180a1/1542749280562-UIWBE6WU1F32QO8FFGQY/xray.jpg,1542749280562-UIWBE6WU1F32QO8FFGQY_xray.jpg
https://images.squarespace-cdn.com/content/v1/5b68a4e4a2772c2a206180a1/1544111281876-BUXWXYX07PEE8FRDHBNI/image-asset.png,1544111281876-BUXWXYX07PEE8FRDHBNI_image-asset.png
https://images.squarespace-cdn.com/content/v1/5b68a4e4a2772c2a206180a1/1543610801030-R9TG2A9A0B461CGVYFU2/image-asset.png,1543610801030-R9TG2A9A0B461CGVYFU2_image-asset.png
https://images.squarespace-cdn.com/content/v1/5b68a4e4a2772c2a206180a1/1543610834262-Y3JFG0HKW1C2K57UE8SS/image-asset.png,1543610834262-Y3JFG0HKW1C2K57UE8SS_image-asset.png
https://images.squarespace-cdn.com/content/v1/5b68a4e4a2772c2a206180a1/1543592575656-0PNKD0173B6CMD5KY5AM/blue3.png,1543592575656-0PNKD0173B6CMD5KY5AM_blue3.png
https://images.squarespace-cdn.com/content/v1/5b68a4e4a2772c2a206180a1/1542826323479-KCITXZRHB69EXJ9LKKGU/wired.png,1542826323479-KCITXZRHB69EXJ9LKKGU_wired.png
https://images.squarespace-cdn.com/content/v1/5b68a4e4a2772c2a206180a1/1542826362391-4EPPHKISW8BIF4R0Z75A/wired.png,1542826362391-4EPPHKISW8BIF4R0Z75A_wired.png
https://images.squarespace-cdn.com/content/v1/5b68a4e4a2772c2a206180a1/1542826397772-W9X56EHXXQ2DW4IPQZGA/wireduk.png,1542826397772-W9X56EHXXQ2DW4IPQZGA_wireduk.png
https://images.squarespace-cdn.com/content/v1/5b68a4e4a2772c2a206180a1/1542826438408-TA4O9KJ22JIZ6AQJ0AUN/discover.png,1542826438408-TA4O9KJ22JIZ6AQJ0AUN_discover.png
https://images.squarespace-cdn.com/content/v1/5b68a4e4a2772c2a206180a1/1549398500612-3INEEPPDLWEH85QD3VHN/marginalrevolution.png,1549398500612-3INEEPPDLWEH85QD3VHN_marginalrevolution.png
https://images.squarespace-cdn.com/content/v1/5b68a4e4a2772c2a206180a1/1542826486192-VK5OLEMQBOTRFM2T3P72/nzz.png,1542826486192-VK5OLEMQBOTRFM2T3P72_nzz.png
https://images.squarespace-cdn.com/content/v1/5b68a4e4a2772c2a206180a1/1542826628063-COR3L4PB2BMEC5ZZG5Q3/zeitonline.png,1542826628063-COR3L4PB2BMEC5ZZG5Q3_zeitonline.png
https://images.squarespace-cdn.com/content/v1/5b68a4e4a2772c2a206180a1/1542826672353-5RG7KWP2MI9DAVJ0GT8D/slatefrance.png,1542826672353-5RG7KWP2MI9DAVJ0GT8D_slatefrance.png
https://images.squarespace-cdn.com/content/v1/5b68a4e4a2772c2a206180a1/1542826714293-HGCJJ4QMLCLMEJWCH1Y0/yahoofrance.png,1542826714293-HGCJJ4QMLCLMEJWCH1Y0_yahoofrance.png
https://images.squarespace-cdn.com/content/v1/5b68a4e4a2772c2a206180a1/1542826763228-4SXSXLUUMQ6CBXX00KZB/physorg1.png,1542826763228-4SXSXLUUMQ6CBXX00KZB_physorg1.png
https://images.squarespace-cdn.com/content/v1/5b68a4e4a2772c2a206180a1/1542826808769-N4H3O9L02M9KQK1XLJZE/kolisrael.png,1542826808769-N4H3O9L02M9KQK1XLJZE_kolisrael.png
https://images.squarespace-cdn.com/content/v1/5b68a4e4a2772c2a206180a1/1542826910928-S9F4P7SKE8IHCXNP00PQ/comdig.png,1542826910928-S9F4P7SKE8IHCXNP00PQ_comdig.png
https://images.squarespace-cdn.com/content/v1/5b68a4e4a2772c2a206180a1/1542826974082-XC1LGEPGS1I6U60NSK1U/acm.png,1542826974082-XC1LGEPGS1I6U60NSK1U_acm.png
https://images.squarespace-cdn.com/content/v1/5b68a4e4a2772c2a206180a1/1542827062626-WSJH51H2JCH4TQ54UKKB/usip.png,1542827062626-WSJH51H2JCH4TQ54UKKB_usip.png
https://images.squarespace-cdn.com/content/v1/5b68a4e4a2772c2a206180a1/1542827124863-4OXSTURR80NP7KFFTOUN/image-asset.png,1542827124863-4OXSTURR80NP7KFFTOUN_image-asset.png
https://images.squarespace-cdn.com/content/v1/5b68a4e4a2772c2a206180a1/1542827185181-BWT1J0X5MSSWGYYYBMM0/subredditumscientiae.png,1542827185181-BWT1J0X5MSSWGYYYBMM0_subredditumscientiae.png
https://images.squarespace-cdn.com/content/v1/5b68a4e4a2772c2a206180a1/1542827225562-W3HYZCYWO2LJ508FH8NF/monitor.png,1542827225562-W3HYZCYWO2LJ508FH8NF_monitor.png
https://images.squarespace-cdn.com/content/v1/5b68a4e4a2772c2a206180a1/1542827282395-QCUM0S5Z0TVF6OBH78AE/kopalniawiedzy.png,1542827282395-QCUM0S5Z0TVF6OBH78AE_kopalniawiedzy.png
https://images.squarespace-cdn.com/content/v1/5b68a4e4a2772c2a206180a1/1542827323894-Z8Z5VM8HIEH7BOB1BBW1/conservativetimes.png,1542827323894-Z8Z5VM8HIEH7BOB1BBW1_conservativetimes.png
https://images.squarespace-cdn.com/content/v1/5b68a4e4a2772c2a206180a1/1542827368955-F2RVY8KIXCSUUN3L275X/image-asset.png,1542827368955-F2RVY8KIXCSUUN3L275X_image-asset.png
https://images.squarespace-cdn.com/content/v1/5b68a4e4a2772c2a206180a1/1542827446221-0A7JYECLUKEVLFDP6H00/moneyscience.png,1542827446221-0A7JYECLUKEVLFDP6H00_moneyscience.png
https://images.squarespace-cdn.com/content/v1/5b68a4e4a2772c2a206180a1/1542827525582-OEM3WR6G2AT6NZ2RPEBJ/newsvine.png,1542827525582-OEM3WR6G2AT6NZ2RPEBJ_newsvine.png
https://images.squarespace-cdn.com/content/v1/5b68a4e4a2772c2a206180a1/1542827570775-HBSH7CLB072GKTQ65O6Z/sciencerr.png,1542827570775-HBSH7CLB072GKTQ65O6Z_sciencerr.png
https://images.squarespace-cdn.com/content/v1/5b68a4e4a2772c2a206180a1/1542827638629-UE3FYJ3QCS74YX652JLJ/tweetleaks.png,1542827638629-UE3FYJ3QCS74YX652JLJ_tweetleaks.png
https://images.squarespace-cdn.com/content/v1/5b68a4e4a2772c2a206180a1/1542827701167-1T0GVGN47L85RWHE71CV/thetop.png,1542827701167-1T0GVGN47L85RWHE71CV_thetop.png
https://images.squarespace-cdn.com/content/v1/5b68a4e4a2772c2a206180a1/1542827739551-FE5WH7KDH2J6UAEUGMML/compulenta.png,1542827739551-FE5WH7KDH2J6UAEUGMML_compulenta.png
https://images.squarespace-cdn.com/content/v1/5b68a4e4a2772c2a206180a1/1542827780638-RMQJM78GTNY0M5R7JW19/n2mscienceweekly.png,1542827780638-RMQJM78GTNY0M5R7JW19_n2mscienceweekly.png
https://images.squarespace-cdn.com/content/v1/5b68a4e4a2772c2a206180a1/1542827807127-C2006LF7RKECJKPBWPUI/homelandsecuritynewswire.png,1542827807127-C2006LF7RKECJKPBWPUI_homelandsecuritynewswire.png
https://images.squarespace-cdn.com/content/v1/5b68a4e4a2772c2a206180a1/1542827840804-0SSYV0DBMFW2E4EBQ4UU/ihatepaypal.png,1542827840804-0SSYV0DBMFW2E4EBQ4UU_ihatepaypal.png
https://images.squarespace-cdn.com/content/v1/5b68a4e4a2772c2a206180a1/1542827885635-B332F4XC6OBXSHPP6K60/thespamlist.png,1542827885635-B332F4XC6OBXSHPP6K60_thespamlist.png
https://images.squarespace-cdn.com/content/v1/5b68a4e4a2772c2a206180a1/1544038111088-3QDDSD6FHEBPUJ7GSZVU/phasetransition2.png,1544038111088-3QDDSD6FHEBPUJ7GSZVU_phasetransition2.png
https://images.squarespace-cdn.com/content/v1/5b68a4e4a2772c2a206180a1/1536261383622-SEPACT6LSC2MNUDO7AT7/blue-background.png?format=2500w,1536261383622-SEPACT6LSC2MNUDO7AT7_blue-background.png?format=2500w
https://images.squarespace-cdn.com/content/v1/5b68a4e4a2772c2a206180a1/1536262391437-5QEJVW4OIC8BTN04W9H9/pandemics.png?format=2500w,1536262391437-5QEJVW4OIC8BTN04W9H9_pandemics.png?format=2500w
https://images.squarespace-cdn.com/content/v1/5b68a4e4a2772c2a206180a1/1536262018267-E2IT0X1MBSZKVENPE9QH/hunger.png?format=2500w,1536262018267-E2IT0X1MBSZKVENPE9QH_hunger.png?format=2500w
https://images.squarespace-cdn.com/content/v1/5b68a4e4a2772c2a206180a1/1540565272162-R7JTGCSPQ9Q9MCZV7SBA/econcrises.jpg?format=2500w,1540565272162-R7JTGCSPQ9Q9MCZV7SBA_econcrises.jpg?format=2500w
https://images.squarespace-cdn.com/content/v1/5b68a4e4a2772c2a206180a1/1540576951060-JYPGIXPLDH3R5CXQMYLH/insects-820484_1920.jpg?format=2500w,1540576951060-JYPGIXPLDH3R5CXQMYLH_insects-820484_1920.jpg?format=2500w
https://images.squarespace-cdn.com/content/v1/5b68a4e4a2772c2a206180a1/1536262537500-9WTNFAYU5AZIPYPNXTNF/conference-room.jpg?format=2500w,1536262537500-9WTNFAYU5AZIPYPNXTNF_conference-room.jpg?format=2500w
https://images.squarespace-cdn.com/content/v1/5b68a4e4a2772c2a206180a1/1540564768955-O0MXBP6EETUMUHPGWHYX/yugoslavia.png?format=2500w,1540564768955-O0MXBP6EETUMUHPGWHYX_yugoslavia.png?format=2500w
https://images.squarespace-cdn.com/content/v1/5b68a4e4a2772c2a206180a1/1544114212957-HNHRIGO18EURI8M20OUT/image-asset.png,1544114212957-HNHRIGO18EURI8M20OUT_image-asset.png
https://images.squarespace-cdn.com/content/v1/5b68a4e4a2772c2a206180a1/1543858417281-U5GXMZRWMSAYDOYMQ0BM/beyondcontact.png?format=2500w,1543858417281-U5GXMZRWMSAYDOYMQ0BM_beyondcontact.png?format=2500w
https://images.squarespace-cdn.com/content/v1/5b68a4e4a2772c2a206180a1/1543858533994-WPL3IDZWZ6TJQ332EA1A/Figure01.png,1543858533994-WPL3IDZWZ6TJQ332EA1A_Figure01.png
https://images.squarespace-cdn.com/content/v1/5b68a4e4a2772c2a206180a1/1543858556060-GLCFZT270SSUP070VFQ8/Figure02.png,1543858556060-GLCFZT270SSUP070VFQ8_Figure02.png
https://images.squarespace-cdn.com/content/v1/5b68a4e4a2772c2a206180a1/1543858587749-L9W7ZSMLCI0ZHBOF9K6L/image-asset.png,1543858587749-L9W7ZSMLCI0ZHBOF9K6L_image-asset.png
https://images.squarespace-cdn.com/content/v1/5b68a4e4a2772c2a206180a1/1543858642704-2S5RV3DCLBDN9MWPACO3/time.png,1543858642704-2S5RV3DCLBDN9MWPACO3_time.png
https://images.squarespace-cdn.com/content/v1/5b68a4e4a2772c2a206180a1/1543858679222-T7RESY7KTJC7OKCC59BB/graphic.png,1543858679222-T7RESY7KTJC7OKCC59BB_graphic.png
https://images.squarespace-cdn.com/content/v1/5b68a4e4a2772c2a206180a1/1543858777204-STPYII8JXDJ77DIINCM3/image-asset.gif,1543858777204-STPYII8JXDJ77DIINCM3_image-asset.gif
https://images.squarespace-cdn.com/content/v1/5b68a4e4a2772c2a206180a1/1543858859383-PDHX7VZV79KQB0KO5IBU/blue3.png,1543858859383-PDHX7VZV79KQB0KO5IBU_blue3.png
https://images.squarespace-cdn.com/content/v1/5b68a4e4a2772c2a206180a1/1544048794049-C6B7NZ680L99H6701UVJ/image-asset.jpeg,1544048794049-C6B7NZ680L99H6701UVJ_image-asset.jpeg
https://images.squarespace-cdn.com/content/v1/5b68a4e4a2772c2a206180a1/1544044630626-J9RL0ZY13PDG7AMTBE40/basketball.jpg,1544044630626-J9RL0ZY13PDG7AMTBE40_basketball.jpg
https://images.squarespace-cdn.com/content/v1/5b68a4e4a2772c2a206180a1/1542295924303-9T9LUKOD3I2AXOAP8HDQ/barabasi.jpg,1542295924303-9T9LUKOD3I2AXOAP8HDQ_barabasi.jpg
https://images.squarespace-cdn.com/content/v1/5b68a4e4a2772c2a206180a1/1542817528754-UB41TUN33UNBJRXBJB1C/comdig.png,1542817528754-UB41TUN33UNBJRXBJB1C_comdig.png
https://images.squarespace-cdn.com/content/v1/5b68a4e4a2772c2a206180a1/1542817566859-LNB53AVWQ2W9TR46GPB8/physorg1.png,1542817566859-LNB53AVWQ2W9TR46GPB8_physorg1.png
https://images.squarespace-cdn.com/content/v1/5b68a4e4a2772c2a206180a1/1542817614220-YSYFL3TLVDGC8OB1ES22/image-asset.png,1542817614220-YSYFL3TLVDGC8OB1ES22_image-asset.png
https://images.squarespace-cdn.com/content/v1/5b68a4e4a2772c2a206180a1/1542817651620-44KRA2NIFPXCUZAE0DW5/video_games.png,1542817651620-44KRA2NIFPXCUZAE0DW5_video_games.png
https://images.squarespace-cdn.com/content/v1/5b68a4e4a2772c2a206180a1/1542817750817-F839PX73PNXBU2VDJCAH/world_politics.png,1542817750817-F839PX73PNXBU2VDJCAH_world_politics.png
https://images.squarespace-cdn.com/content/v1/5b68a4e4a2772c2a206180a1/1542817790952-O545PKLNWKLMF6P9JF0K/something_actually.png,1542817790952-O545PKLNWKLMF6P9JF0K_something_actually.png
https://images.squarespace-cdn.com/content/v1/5b68a4e4a2772c2a206180a1/1547571503764-9S75ZW8U0C1FY4BU782V/image-asset.png,1547571503764-9S75ZW8U0C1FY4BU782V_image-asset.png
https://images.squarespace-cdn.com/content/v1/5b68a4e4a2772c2a206180a1/1544043770025-1PSCMFEONL2FUX751MQB/image-asset.png,1544043770025-1PSCMFEONL2FUX751MQB_image-asset.png
https://images.squarespace-cdn.com/content/v1/5b68a4e4a2772c2a206180a1/1542296480578-RABJC7T22S8DJXTT3HU3/baranger1.png,1542296480578-RABJC7T22S8DJXTT3HU3_baranger1.png
https://images.squarespace-cdn.com/content/v1/5b68a4e4a2772c2a206180a1/1543607045629-2PTGTCYWA0L1OYP0F4SF/foodprojection.png,1543607045629-2PTGTCYWA0L1OYP0F4SF_foodprojection.png
https://images.squarespace-cdn.com/content/v1/5b68a4e4a2772c2a206180a1/1544458721784-WNINYB8OU0PU72NTRVMZ/complexitycover2.jpg,1544458721784-WNINYB8OU0PU72NTRVMZ_complexitycover2.jpg
https://images.squarespace-cdn.com/content/v1/5b68a4e4a2772c2a206180a1/1580152234856-7BD900SMP2CR9223QUSP/hospitals.png?format=2500w,1580152234856-7BD900SMP2CR9223QUSP_hospitals.png?format=2500w
https://images.squarespace-cdn.com/content/v1/5b68a4e4a2772c2a206180a1/1580152263238-8OBAU3BG1JL8WOQ3ZC4O/hospitals.png,1580152263238-8OBAU3BG1JL8WOQ3ZC4O_hospitals.png
https://images.squarespace-cdn.com/content/v1/5b68a4e4a2772c2a206180a1/316e18a0-6bd3-4f0a-b9de-18b17cf2130b/Screenshot+2025-08-28+at+9.12.10%E2%80%AFAM.png,316e18a0-6bd3-4f0a-b9de-18b17cf2130b_Screenshot+2025-08-28+at+9.12.10%E2%80%AFAM.png
https://images.squarespace-cdn.com/content/v1/5b68a4e4a2772c2a206180a1/15720cdb-4926-4f45-9960-b3337d87eac2/1644066716103.jpeg,15720cdb-4926-4f45-9960-b3337d87eac2_1644066716103.jpeg
https://images.squarespace-cdn.com/content/v1/5b68a4e4a2772c2a206180a1/a8b2ce17-3bf4-453f-8b1d-3ae7cfbfcd07/IMG_3229_sb_ps.jpg,a8b2ce17-3bf4-453f-8b1d-3ae7cfbfcd07_IMG_3229_sb_ps.jpg
https://images.squarespace-cdn.com/content/v1/5b68a4e4a2772c2a206180a1/1541538027368-1UYKNSM3ZQ4S52GHDZEZ/blue2.png?format=2500w,1541538027368-1UYKNSM3ZQ4S52GHDZEZ_blue2.png?format=2500w
https://images.squarespace-cdn.com/content/v1/5b68a4e4a2772c2a206180a1/1544471248334-U24ANQBA0G1LXNPGPFFG/physorg1.png,1544471248334-U24ANQBA0G1LXNPGPFFG_physorg1.png
https://images.squarespace-cdn.com/content/v1/5b68a4e4a2772c2a206180a1/1543267908569-9IL112QHO2MZ9JLHFWBE/djia.jpg,1543267908569-9IL112QHO2MZ9JLHFWBE_djia.jpg
https://images.squarespace-cdn.com/content/v1/5b68a4e4a2772c2a206180a1/1541784817650-U7RJAKXC2P3UUHT2T0EA/deacon.jpg,1541784817650-U7RJAKXC2P3UUHT2T0EA_deacon.jpg
https://images.squarespace-cdn.com/content/v1/5b68a4e4a2772c2a206180a1/1543426658794-0Z1FSHKQAU44JJ0N0ZYY/motherboard.png,1543426658794-0Z1FSHKQAU44JJ0N0ZYY_motherboard.png
https://images.squarespace-cdn.com/content/v1/5b68a4e4a2772c2a206180a1/1543612248949-W8QIUOB0W6V0748ZMR74/blue3.png,1543612248949-W8QIUOB0W6V0748ZMR74_blue3.png
https://images.squarespace-cdn.com/content/v1/5b68a4e4a2772c2a206180a1/1544129799236-AM38JNQL8NNGRZYJ0H48/image-asset.png,1544129799236-AM38JNQL8NNGRZYJ0H48_image-asset.png
https://images.squarespace-cdn.com/content/v1/5b68a4e4a2772c2a206180a1/1580152457652-UGORQ2TX6DRQLTC63WQ3/doctors.png?format=2500w,1580152457652-UGORQ2TX6DRQLTC63WQ3_doctors.png?format=2500w
https://images.squarespace-cdn.com/content/v1/5b68a4e4a2772c2a206180a1/1585146393392-AKQ71GQNH7S5BORLJNDW/theguardian.jpeg,1585146393392-AKQ71GQNH7S5BORLJNDW_theguardian.jpeg
https://images.squarespace-cdn.com/content/v1/5b68a4e4a2772c2a206180a1/1585146350347-YEXJEL3MBP044CBGK6GD/usatoday.png,1585146350347-YEXJEL3MBP044CBGK6GD_usatoday.png
https://images.squarespace-cdn.com/content/v1/5b68a4e4a2772c2a206180a1/1584710702473-U2Y3YVQ2ON9RKQQ1LU3R/forbes.png,1584710702473-U2Y3YVQ2ON9RKQQ1LU3R_forbes.png
https://images.squarespace-cdn.com/content/v1/5b68a4e4a2772c2a206180a1/1580835189640-4QFMZWK6CCHTE8SMIO4A/thetimes.png,1580835189640-4QFMZWK6CCHTE8SMIO4A_thetimes.png
https://images.squarespace-cdn.com/content/v1/5b68a4e4a2772c2a206180a1/1580758946551-0XGXQ50RUXPA9QPCFFAB/bostonglobe2.png,1580758946551-0XGXQ50RUXPA9QPCFFAB_bostonglobe2.png
https://images.squarespace-cdn.com/content/v1/5b68a4e4a2772c2a206180a1/1582209156332-BTZRXXFQX6V5Z0P87Q0N/le-point.jpg,1582209156332-BTZRXXFQX6V5Z0P87Q0N_le-point.jpg
https://images.squarespace-cdn.com/content/v1/5b68a4e4a2772c2a206180a1/1542298238650-LHR9JA3ZL90J5RPY4CWY/klopfer.jpg,1542298238650-LHR9JA3ZL90J5RPY4CWY_klopfer.jpg
https://images.squarespace-cdn.com/content/v1/5b68a4e4a2772c2a206180a1/1542728037037-UEW7TSOV8CUJCW8AJ68F/military.jpg?format=2500w,1542728037037-UEW7TSOV8CUJCW8AJ68F_military.jpg?format=2500w
https://images.squarespace-cdn.com/content/v1/5b68a4e4a2772c2a206180a1/1547753047315-LCOGQ13WLPBCB33K2FEF/blue2.png?format=2500w,1547753047315-LCOGQ13WLPBCB33K2FEF_blue2.png?format=2500w
https://images.squarespace-cdn.com/content/v1/5b68a4e4a2772c2a206180a1/1544124794188-XTNRJ4256CAB55PDDVFB/image-asset.jpeg,1544124794188-XTNRJ4256CAB55PDDVFB_image-asset.jpeg
https://images.squarespace-cdn.com/content/v1/5b68a4e4a2772c2a206180a1/1580152158252-ETRYW7HFJPDK1DBRDYWM/thermometer.jpg?format=2500w,1580152158252-ETRYW7HFJPDK1DBRDYWM_thermometer.jpg?format=2500w
https://images.squarespace-cdn.com/content/v1/5b68a4e4a2772c2a206180a1/1609858157264-H4RNZ91RJTJEH6VYZ0ZS/ECV_C-CAS_Homepage_Banner_R1d.png,1609858157264-H4RNZ91RJTJEH6VYZ0ZS_ECV_C-CAS_Homepage_Banner_R1d.png
https://images.squarespace-cdn.com/content/v1/5b68a4e4a2772c2a206180a1/1580152386371-15AKNF6XU2NI66T6M7RE/thermometer.jpg,1580152386371-15AKNF6XU2NI66T6M7RE_thermometer.jpg
https://images.squarespace-cdn.com/content/v1/5b68a4e4a2772c2a206180a1/1542300441319-VMO2K8EZH629IAVVVTZI/wagner.gif,1542300441319-VMO2K8EZH629IAVVVTZI_wagner.gif
https://images.squarespace-cdn.com/content/v1/5b68a4e4a2772c2a206180a1/1633700251710-96QVDNG4LKMLPH0RE2T0/modeling+complex+systems+figure+1.png,1633700251710-96QVDNG4LKMLPH0RE2T0_modeling+complex+systems+figure+1.png
https://images.squarespace-cdn.com/content/v1/5b68a4e4a2772c2a206180a1/1583860413891-ABAUSF5EN3GF8WETFWHW/graphic1.png,1583860413891-ABAUSF5EN3GF8WETFWHW_graphic1.png
https://images.squarespace-cdn.com/content/v1/5b68a4e4a2772c2a206180a1/1583860598695-AZNI38B1U2D21ASUFXLG/graphic2.png,1583860598695-AZNI38B1U2D21ASUFXLG_graphic2.png
https://images.squarespace-cdn.com/content/v1/5b68a4e4a2772c2a206180a1/1583860702929-EJ1473UI9J95MDG1WKYP/graphic3.png,1583860702929-EJ1473UI9J95MDG1WKYP_graphic3.png
https://images.squarespace-cdn.com/content/v1/5b68a4e4a2772c2a206180a1/1583860808748-6GHI9TRBQAJF5W1R8K46/graphic4.png,1583860808748-6GHI9TRBQAJF5W1R8K46_graphic4.png
https://images.squarespace-cdn.com/content/v1/5b68a4e4a2772c2a206180a1/1542299170593-IRWOG57HL648I884841D/rudolph.jpg,1542299170593-IRWOG57HL648I884841D_rudolph.jpg
https://images.squarespace-cdn.com/content/v1/5b68a4e4a2772c2a206180a1/1542649695873-7K50ABCA3TWUWJ1UFI04/Petare_Slums_in_Caracas.jpg?format=2500w,1542649695873-7K50ABCA3TWUWJ1UFI04_Petare_Slums_in_Caracas.jpg?format=2500w
https://images-na.ssl-images-amazon.com/images/I/51wzSE8pY6L.jpg,I_51wzSE8pY6L.jpg
https://images.squarespace-cdn.com/content/v1/5b68a4e4a2772c2a206180a1/1542230446041-GT33MHR8V9MITWZR03SX/blue2.png?format=2500w,1542230446041-GT33MHR8V9MITWZR03SX_blue2.png?format=2500w
https://images.squarespace-cdn.com/content/v1/5b68a4e4a2772c2a206180a1/1542230383740-EN85R4DPSQX915SF22M7/image-asset.gif,1542230383740-EN85R4DPSQX915SF22M7_image-asset.gif
https://images.squarespace-cdn.com/content/v1/5b68a4e4a2772c2a206180a1/1543443955689-SH3UFRI1RPNCD0TTBB1H/food_spec_2_2012.jpg,1543443955689-SH3UFRI1RPNCD0TTBB1H_food_spec_2_2012.jpg
https://images.squarespace-cdn.com/content/v1/5b68a4e4a2772c2a206180a1/1543444059455-38XT6I1XVVTN16Z9U10C/updatetweetmap.jpg,1543444059455-38XT6I1XVVTN16Z9U10C_updatetweetmap.jpg
https://images.squarespace-cdn.com/content/v1/5b68a4e4a2772c2a206180a1/1543612581617-XG7PYOGFRK7IICCD9BZQ/blue3.png,1543612581617-XG7PYOGFRK7IICCD9BZQ_blue3.png
https://images.squarespace-cdn.com/content/v1/5b68a4e4a2772c2a206180a1/1543509908624-MO5Y8M0QS84TDCXMU4V0/nytimes.png,1543509908624-MO5Y8M0QS84TDCXMU4V0_nytimes.png
https://images.squarespace-cdn.com/content/v1/5b68a4e4a2772c2a206180a1/1543445046842-BHUW3N368YJ8I4Y9CPPU/foreignpolicy.png,1543445046842-BHUW3N368YJ8I4Y9CPPU_foreignpolicy.png
https://images.squarespace-cdn.com/content/v1/5b68a4e4a2772c2a206180a1/1543506064357-9RKJARRO03OTY6JX5QNM/wired.png,1543506064357-9RKJARRO03OTY6JX5QNM_wired.png
https://images.squarespace-cdn.com/content/v1/5b68a4e4a2772c2a206180a1/1543505928559-748FLGKIOFEZ3DT0YJ5Y/time.png,1543505928559-748FLGKIOFEZ3DT0YJ5Y_time.png
https://images.squarespace-cdn.com/content/v1/5b68a4e4a2772c2a206180a1/1543505966165-2MECSTURA3C92K5G4ZO2/abcnews.png,1543505966165-2MECSTURA3C92K5G4ZO2_abcnews.png
https://images.squarespace-cdn.com/content/v1/5b68a4e4a2772c2a206180a1/1543506163024-NHVC7KIP33DII5P6M1EB/businessday.png,1543506163024-NHVC7KIP33DII5P6M1EB_businessday.png
https://images.squarespace-cdn.com/content/v1/5b68a4e4a2772c2a206180a1/1543506221525-TJJFK5W7DOGCEEKVK61Z/economictimes.png,1543506221525-TJJFK5W7DOGCEEKVK61Z_economictimes.png
https://images.squarespace-cdn.com/content/v1/5b68a4e4a2772c2a206180a1/1543506270666-5MCWYZWRXIB1L8B2XXMZ/arabtimes.png,1543506270666-5MCWYZWRXIB1L8B2XXMZ_arabtimes.png
https://images.squarespace-cdn.com/content/v1/5b68a4e4a2772c2a206180a1/1543506342347-9LM8D3P9Q3WQ0HQMKPY6/thinkprogress.png,1543506342347-9LM8D3P9Q3WQ0HQMKPY6_thinkprogress.png
https://images.squarespace-cdn.com/content/v1/5b68a4e4a2772c2a206180a1/1543506387739-0ZXHUKYTEBRRYJQKWWSU/boingboing.png,1543506387739-0ZXHUKYTEBRRYJQKWWSU_boingboing.png
https://images.squarespace-cdn.com/content/v1/5b68a4e4a2772c2a206180a1/1543506432521-Z7Q81PLFZ0RDAGKKMJ3R/worldeconomicforum.png,1543506432521-Z7Q81PLFZ0RDAGKKMJ3R_worldeconomicforum.png
https://images.squarespace-cdn.com/content/v1/5b68a4e4a2772c2a206180a1/1543506594045-50SNAT7UOWOB4EFS48Q2/thomhartmann.png,1543506594045-50SNAT7UOWOB4EFS48Q2_thomhartmann.png
https://images.squarespace-cdn.com/content/v1/5b68a4e4a2772c2a206180a1/1543506632944-LXY2VQW8HJ09KIGAAFMF/image-asset.png,1543506632944-LXY2VQW8HJ09KIGAAFMF_image-asset.png
https://images.squarespace-cdn.com/content/v1/5b68a4e4a2772c2a206180a1/1543506682029-DVHRVH8UFXE2MXNOFQV4/alertnet.jpg,1543506682029-DVHRVH8UFXE2MXNOFQV4_alertnet.jpg
https://images.squarespace-cdn.com/content/v1/5b68a4e4a2772c2a206180a1/1543506847454-N2JLBPZ59TTYCKKJT3SD/emergingmarkets.png,1543506847454-N2JLBPZ59TTYCKKJT3SD_emergingmarkets.png
https://images.squarespace-cdn.com/content/v1/5b68a4e4a2772c2a206180a1/1543506897614-JSEIK7K655WQ68LV9Z95/aag.png,1543506897614-JSEIK7K655WQ68LV9Z95_aag.png
https://images.squarespace-cdn.com/content/v1/5b68a4e4a2772c2a206180a1/1543506947165-DPKBEKE47LYS4ZESLQ24/vecernji.png,1543506947165-DPKBEKE47LYS4ZESLQ24_vecernji.png
https://images.squarespace-cdn.com/content/v1/5b68a4e4a2772c2a206180a1/1543506996587-SG6GBR57VKDZZL8O21UL/naftemporiki.png,1543506996587-SG6GBR57VKDZZL8O21UL_naftemporiki.png
https://images.squarespace-cdn.com/content/v1/5b68a4e4a2772c2a206180a1/1543507043187-E0DEC3DZ6XJO2X8GAAUS/hispanicbusiness.png,1543507043187-E0DEC3DZ6XJO2X8GAAUS_hispanicbusiness.png
https://images.squarespace-cdn.com/content/v1/5b68a4e4a2772c2a206180a1/1543507091440-XVHHNRSBH274K0T3G2Z0/dailybulletin.png,1543507091440-XVHHNRSBH274K0T3G2Z0_dailybulletin.png
https://images.squarespace-cdn.com/content/v1/5b68a4e4a2772c2a206180a1/1543507138827-3VP57ZI80LLX2XW50F0T/sbsun.png,1543507138827-3VP57ZI80LLX2XW50F0T_sbsun.png
https://images.squarespace-cdn.com/content/v1/5b68a4e4a2772c2a206180a1/1543507183847-O46FT4DJA6ALZPHZ0JDV/tulsaworld.png,1543507183847-O46FT4DJA6ALZPHZ0JDV_tulsaworld.png
https://images.squarespace-cdn.com/content/v1/5b68a4e4a2772c2a206180a1/1543507234865-PW8YKZ5GZQLR3FOQ1WNI/triplecrisis.png,1543507234865-PW8YKZ5GZQLR3FOQ1WNI_triplecrisis.png
https://images.squarespace-cdn.com/content/v1/5b68a4e4a2772c2a206180a1/1543507304382-0GOPMRKRJK80XBA7YJZY/economonitor.png,1543507304382-0GOPMRKRJK80XBA7YJZY_economonitor.png
https://images.squarespace-cdn.com/content/v1/5b68a4e4a2772c2a206180a1/1543507355396-3LKF48VNACI0WSJJZXBM/creditwritedowns.png,1543507355396-3LKF48VNACI0WSJJZXBM_creditwritedowns.png
https://images.squarespace-cdn.com/content/v1/5b68a4e4a2772c2a206180a1/1543507401727-4JWXR9SPQL5F0RYJ6IKB/baldwinwallace.png,1543507401727-4JWXR9SPQL5F0RYJ6IKB_baldwinwallace.png
https://images.squarespace-cdn.com/content/v1/5b68a4e4a2772c2a206180a1/1543507453628-5L2PT2KJLF18RZGXRJSM/reddit.png,1543507453628-5L2PT2KJLF18RZGXRJSM_reddit.png
https://images.squarespace-cdn.com/content/v1/5b68a4e4a2772c2a206180a1/1543507512562-P0X2MBFFZD1EN69SW3YL/neakriti.png,1543507512562-P0X2MBFFZD1EN69SW3YL_neakriti.png
https://images.squarespace-cdn.com/content/v1/5b68a4e4a2772c2a206180a1/1543507573436-EM4PRBZ9ZC7NFM4G22RY/warandpeace.png,1543507573436-EM4PRBZ9ZC7NFM4G22RY_warandpeace.png
https://images.squarespace-cdn.com/content/v1/5b68a4e4a2772c2a206180a1/1543507645278-597F6O33E63FBA21W742/image-asset.png,1543507645278-597F6O33E63FBA21W742_image-asset.png
https://images.squarespace-cdn.com/content/v1/5b68a4e4a2772c2a206180a1/1543507704885-AQ3XFGEXARVQYBO9APS2/zambiadailymail.png,1543507704885-AQ3XFGEXARVQYBO9APS2_zambiadailymail.png
https://images.squarespace-cdn.com/content/v1/5b68a4e4a2772c2a206180a1/1543507748960-XTEGP960KQE70V3EYDTG/newsroompanama.png,1543507748960-XTEGP960KQE70V3EYDTG_newsroompanama.png
https://images.squarespace-cdn.com/content/v1/5b68a4e4a2772c2a206180a1/1543507802866-CZ3B44BBSRV96X3WNAPN/sharingthetable.png,1543507802866-CZ3B44BBSRV96X3WNAPN_sharingthetable.png
https://images.squarespace-cdn.com/content/v1/5b68a4e4a2772c2a206180a1/1543507850836-35B4EF5J3O90DSOBS0MQ/nacs.png,1543507850836-35B4EF5J3O90DSOBS0MQ_nacs.png
https://images.squarespace-cdn.com/content/v1/5b68a4e4a2772c2a206180a1/1543507897477-JC8SOA3WDVUN1ECT67Z5/agri-media.png,1543507897477-JC8SOA3WDVUN1ECT67Z5_agri-media.png
https://images.squarespace-cdn.com/content/v1/5b68a4e4a2772c2a206180a1/1543507950826-CU9CDLXCVCFEJ4RX9QKL/cknx.png,1543507950826-CU9CDLXCVCFEJ4RX9QKL_cknx.png
https://images.squarespace-cdn.com/content/v1/5b68a4e4a2772c2a206180a1/1543508001377-NWE68TQ7CX9ASCW6ZI7X/1017theone.png,1543508001377-NWE68TQ7CX9ASCW6ZI7X_1017theone.png
https://images.squarespace-cdn.com/content/v1/5b68a4e4a2772c2a206180a1/1543508052404-5L6ZSKYNFV7QDV6VUNUI/jotzoom.png,1543508052404-5L6ZSKYNFV7QDV6VUNUI_jotzoom.png
https://images.squarespace-cdn.com/content/v1/5b68a4e4a2772c2a206180a1/1543508107390-A4GQCQGM7617CCF7A2W0/posteconomics.png,1543508107390-A4GQCQGM7617CCF7A2W0_posteconomics.png
https://images.squarespace-cdn.com/content/v1/5b68a4e4a2772c2a206180a1/1543508156581-LZM78RRQFY9ODTGAH7K0/farmgate.png,1543508156581-LZM78RRQFY9ODTGAH7K0_farmgate.png
https://images.squarespace-cdn.com/content/v1/5b68a4e4a2772c2a206180a1/1543508211879-120VP29K2Q5ACCPA3HDE/declineoftheempire.png,1543508211879-120VP29K2Q5ACCPA3HDE_declineoftheempire.png
https://images.squarespace-cdn.com/content/v1/5b68a4e4a2772c2a206180a1/1543508276578-D20B8P4SF61Q4WW5DM4H/nikitafx.png,1543508276578-D20B8P4SF61Q4WW5DM4H_nikitafx.png
https://images.squarespace-cdn.com/content/v1/5b68a4e4a2772c2a206180a1/1543508323512-3RAFLSPP28QNUASZDY51/crudeoilinventories.png,1543508323512-3RAFLSPP28QNUASZDY51_crudeoilinventories.png
https://images.squarespace-cdn.com/content/v1/5b68a4e4a2772c2a206180a1/1543508378658-N5ZQKPECUQ1K712UGMCZ/decisionsonevidence.png,1543508378658-N5ZQKPECUQ1K712UGMCZ_decisionsonevidence.png
https://images.squarespace-cdn.com/content/v1/5b68a4e4a2772c2a206180a1/1543508432152-E3H5F26KPJS0VUXFK4UC/epiphanyblog.png,1543508432152-E3H5F26KPJS0VUXFK4UC_epiphanyblog.png
https://images.squarespace-cdn.com/content/v1/5b68a4e4a2772c2a206180a1/1543508527744-V3IYHI8IDMH3L8G8Y511/arabtimes.png,1543508527744-V3IYHI8IDMH3L8G8Y511_arabtimes.png
https://images.squarespace-cdn.com/content/v1/5b68a4e4a2772c2a206180a1/1543508557946-K0AXHFFWIPMVAXOQD8T3/yahoomaktoob.png,1543508557946-K0AXHFFWIPMVAXOQD8T3_yahoomaktoob.png
https://images.squarespace-cdn.com/content/v1/5b68a4e4a2772c2a206180a1/1543508598078-RS7MZ5MUW2GXSWF2YAEJ/fana.png,1543508598078-RS7MZ5MUW2GXSWF2YAEJ_fana.png
https://images.squarespace-cdn.com/content/v1/5b68a4e4a2772c2a206180a1/1543508651603-D71XJO0VTFP4US8Z0997/thepeninsula.png,1543508651603-D71XJO0VTFP4US8Z0997_thepeninsula.png
https://images.squarespace-cdn.com/content/v1/5b68a4e4a2772c2a206180a1/1543508677409-C05G3L305WH4B1IN4WBE/zawya.png,1543508677409-C05G3L305WH4B1IN4WBE_zawya.png
https://images.squarespace-cdn.com/content/v1/5b68a4e4a2772c2a206180a1/1543508710676-YOCB56IM4RHOZ8OXTL95/kurzweil.png,1543508710676-YOCB56IM4RHOZ8OXTL95_kurzweil.png
https://images.squarespace-cdn.com/content/v1/5b68a4e4a2772c2a206180a1/1543508747884-1JMC0H5RZSTUWPDAGPD8/newsvine.png,1543508747884-1JMC0H5RZSTUWPDAGPD8_newsvine.png
https://images.squarespace-cdn.com/content/v1/5b68a4e4a2772c2a206180a1/1543508779366-P5VS34JOSR246NXBLA8S/theoildrum.png,1543508779366-P5VS34JOSR246NXBLA8S_theoildrum.png
https://images.squarespace-cdn.com/content/v1/5b68a4e4a2772c2a206180a1/1543508815290-E6TPW6238VLHOZT9QBZS/image-asset.png,1543508815290-E6TPW6238VLHOZT9QBZS_image-asset.png
https://images.squarespace-cdn.com/content/v1/5b68a4e4a2772c2a206180a1/1543508860404-62OZQO77HN4VOJW2MFS1/showmethemoney.png,1543508860404-62OZQO77HN4VOJW2MFS1_showmethemoney.png
https://images.squarespace-cdn.com/content/v1/5b68a4e4a2772c2a206180a1/1543508896966-1T38VL7Y3N8STAKE78EV/saidmaadan.png,1543508896966-1T38VL7Y3N8STAKE78EV_saidmaadan.png
https://images.squarespace-cdn.com/content/v1/5b68a4e4a2772c2a206180a1/1543508938845-DNMUXRIWPSSQD1DM9PXV/retreat.png,1543508938845-DNMUXRIWPSSQD1DM9PXV_retreat.png
https://images.squarespace-cdn.com/content/v1/5b68a4e4a2772c2a206180a1/1543508983637-OROCO7K1AOVOVCAYW9OP/blackvisions.png,1543508983637-OROCO7K1AOVOVCAYW9OP_blackvisions.png
https://images.squarespace-cdn.com/content/v1/5b68a4e4a2772c2a206180a1/1543509017096-NUXUHU1UHY93DR3REDL6/ecoearth.png,1543509017096-NUXUHU1UHY93DR3REDL6_ecoearth.png
https://images.squarespace-cdn.com/content/v1/5b68a4e4a2772c2a206180a1/1543509055452-BX49ZJ3ONUQK7HCPCN1K/jest.png,1543509055452-BX49ZJ3ONUQK7HCPCN1K_jest.png
https://images.squarespace-cdn.com/content/v1/5b68a4e4a2772c2a206180a1/1543509105003-QM115P7RLBUJA92R6EU0/grahamhancock.png,1543509105003-QM115P7RLBUJA92R6EU0_grahamhancock.png
https://images.squarespace-cdn.com/content/v1/5b68a4e4a2772c2a206180a1/1543509136376-T3ACNMYGY1JP5VUB4KH9/silverbearcafe.png,1543509136376-T3ACNMYGY1JP5VUB4KH9_silverbearcafe.png
https://images.squarespace-cdn.com/content/v1/5b68a4e4a2772c2a206180a1/1543509170297-3FBO6KDTVHIXNO1YSQEL/advancedbiofuelsusa.png,1543509170297-3FBO6KDTVHIXNO1YSQEL_advancedbiofuelsusa.png
https://images.squarespace-cdn.com/content/v1/5b68a4e4a2772c2a206180a1/1543509217422-7MWKSBT7WXVRYK7EL1FW/topsy.png,1543509217422-7MWKSBT7WXVRYK7EL1FW_topsy.png
https://images.squarespace-cdn.com/content/v1/5b68a4e4a2772c2a206180a1/1543509266062-4T0HRFDP0S9N1DQZBR6K/lessbull.png,1543509266062-4T0HRFDP0S9N1DQZBR6K_lessbull.png
https://images.squarespace-cdn.com/content/v1/5b68a4e4a2772c2a206180a1/1543509353575-WIJWV54S7UFZEH99LK1K/bioenergywiki.png,1543509353575-WIJWV54S7UFZEH99LK1K_bioenergywiki.png
https://images.squarespace-cdn.com/content/v1/5b68a4e4a2772c2a206180a1/1543509443940-RA29X6GLP7G802ADLZ6X/occupylv.png,1543509443940-RA29X6GLP7G802ADLZ6X_occupylv.png
https://images.squarespace-cdn.com/content/v1/5b68a4e4a2772c2a206180a1/1543509479702-LLVZCJCH5MGNXUA0SDTB/trns.png,1543509479702-LLVZCJCH5MGNXUA0SDTB_trns.png
https://images.squarespace-cdn.com/content/v1/5b68a4e4a2772c2a206180a1/1543509522701-9V6AIO9XW17THLK5VP1V/stacyburkewords.png,1543509522701-9V6AIO9XW17THLK5VP1V_stacyburkewords.png
https://images.squarespace-cdn.com/content/v1/5b68a4e4a2772c2a206180a1/1543509563133-ERX81XZFL9ZWZNNQADZU/beforeitsnews.png,1543509563133-ERX81XZFL9ZWZNNQADZU_beforeitsnews.png
https://images.squarespace-cdn.com/content/v1/5b68a4e4a2772c2a206180a1/1543509597074-63Z3VBRPRUD6MMPXNWEJ/choiceamericanetwork.png,1543509597074-63Z3VBRPRUD6MMPXNWEJ_choiceamericanetwork.png
https://images.squarespace-cdn.com/content/v1/5b68a4e4a2772c2a206180a1/1543509629343-34B0445OVE4BPDAOUB3Y/foodnet.png,1543509629343-34B0445OVE4BPDAOUB3Y_foodnet.png
https://images.squarespace-cdn.com/content/v1/5b68a4e4a2772c2a206180a1/1543509668262-I8JYPYO092HEITNDGAHU/thepressproject.png,1543509668262-I8JYPYO092HEITNDGAHU_thepressproject.png
https://images.squarespace-cdn.com/content/v1/5b68a4e4a2772c2a206180a1/1543509694852-05OHGGFAJZRR660P8L5G/tvxs.png,1543509694852-05OHGGFAJZRR660P8L5G_tvxs.png
https://images.squarespace-cdn.com/content/v1/5b68a4e4a2772c2a206180a1/1543509728388-UB321XO54BOYCX7FDCVL/citizensnewsdaily.png,1543509728388-UB321XO54BOYCX7FDCVL_citizensnewsdaily.png
https://images.squarespace-cdn.com/content/v1/5b68a4e4a2772c2a206180a1/1543509761505-CQXTIQ6JRXIWRFY5R18L/truthout.png,1543509761505-CQXTIQ6JRXIWRFY5R18L_truthout.png
https://images.squarespace-cdn.com/content/v1/5b68a4e4a2772c2a206180a1/1543509784884-HNAV3HQZV2HBCWI6O0MM/beforeitsnews.png,1543509784884-HNAV3HQZV2HBCWI6O0MM_beforeitsnews.png
https://images.squarespace-cdn.com/content/v1/5b68a4e4a2772c2a206180a1/1543509820652-YTB0OF5J6TEC2GP519UQ/prepperpodcast.png,1543509820652-YTB0OF5J6TEC2GP519UQ_prepperpodcast.png
https://images-na.ssl-images-amazon.com/images/I/41oMjRy5AcL.jpg,I_41oMjRy5AcL.jpg
https://images.squarespace-cdn.com/content/v1/5b68a4e4a2772c2a206180a1/1542303409473-FATSBI5A1Y9ATDUTMVDQ/technology-3243375.jpg?format=2500w,1542303409473-FATSBI5A1Y9ATDUTMVDQ_technology-3243375.jpg?format=2500w
https://images.squarespace-cdn.com/content/v1/5b68a4e4a2772c2a206180a1/1544111458063-QOPIR8STOGDKEZO2K8EQ/blue3.png,1544111458063-QOPIR8STOGDKEZO2K8EQ_blue3.png
https://images.squarespace-cdn.com/content/v1/5b68a4e4a2772c2a206180a1/1544111501155-1PN3JXT3D64B1AWYF2TQ/bostonglobe.png,1544111501155-1PN3JXT3D64B1AWYF2TQ_bostonglobe.png
https://images.squarespace-cdn.com/content/v1/5b68a4e4a2772c2a206180a1/1544046635762-XZF0FPQ4Y4NEVB8YPPA6/gr_extrapolation.png,1544046635762-XZF0FPQ4Y4NEVB8YPPA6_gr_extrapolation.png
https://images.squarespace-cdn.com/content/v1/5b68a4e4a2772c2a206180a1/1544046657767-31TC1B5NJ09Q6OWUPVX9/image-asset.png,1544046657767-31TC1B5NJ09Q6OWUPVX9_image-asset.png
https://images.squarespace-cdn.com/content/v1/5b68a4e4a2772c2a206180a1/1544046770842-V7P8NALIZNZJP7R5ASCF/wired.png,1544046770842-V7P8NALIZNZJP7R5ASCF_wired.png
https://images.squarespace-cdn.com/content/v1/5b68a4e4a2772c2a206180a1/1544046800630-D9DY7UINUTTT8R6YY3AX/wired.png,1544046800630-D9DY7UINUTTT8R6YY3AX_wired.png
https://images.squarespace-cdn.com/content/v1/5b68a4e4a2772c2a206180a1/1544046833148-PDCURTWX324YEP37LKGM/scoopit.png,1544046833148-PDCURTWX324YEP37LKGM_scoopit.png
https://images.squarespace-cdn.com/content/v1/5b68a4e4a2772c2a206180a1/1544046865221-DJCNLVXUZGIFLYL11RJ0/emergingmarkets.png,1544046865221-DJCNLVXUZGIFLYL11RJ0_emergingmarkets.png
https://images.squarespace-cdn.com/content/v1/5b68a4e4a2772c2a206180a1/1544046897318-VDO7CLGLG6RL186IGG57/ingenioren.png,1544046897318-VDO7CLGLG6RL186IGG57_ingenioren.png
https://images.squarespace-cdn.com/content/v1/5b68a4e4a2772c2a206180a1/1702935524651-YCAGTP64A6DZZ36Y6RZH/Background+no+text.jpg?format=2500w,1702935524651-YCAGTP64A6DZZ36Y6RZH_Background+no+text.jpg?format=2500w
https://images.squarespace-cdn.com/content/v1/5b68a4e4a2772c2a206180a1/afa6fda5-4ac9-4cf4-9e0a-092316427120/Updated+Text.png,afa6fda5-4ac9-4cf4-9e0a-092316427120_Updated+Text.png
https://images.squarespace-cdn.com/content/v1/5b68a4e4a2772c2a206180a1/1541782575323-U0I8U0I5F1SEUL139VG1/DSC00070.JPG,1541782575323-U0I8U0I5F1SEUL139VG1_DSC00070.JPG
https://images.squarespace-cdn.com/content/v1/5b68a4e4a2772c2a206180a1/1542818656956-BL4ZMI2RH36V6UBKIF1U/BlockandInclPlane.png,1542818656956-BL4ZMI2RH36V6UBKIF1U_BlockandInclPlane.png
https://images.squarespace-cdn.com/content/v1/5b68a4e4a2772c2a206180a1/1543591876567-PAY09TJX9XT12W2P0I3E/blue3.png,1543591876567-PAY09TJX9XT12W2P0I3E_blue3.png
https://images.squarespace-cdn.com/content/v1/5b68a4e4a2772c2a206180a1/1548790610741-3MP478TV97VBNO6P622S/image-asset.png,1548790610741-3MP478TV97VBNO6P622S_image-asset.png
https://images.squarespace-cdn.com/content/v1/5b68a4e4a2772c2a206180a1/1548790649032-8D9QLB2LPIDUBKLU69R2/CXProfile2.png,1548790649032-8D9QLB2LPIDUBKLU69R2_CXProfile2.png
https://images.squarespace-cdn.com/content/v1/5b68a4e4a2772c2a206180a1/1548790683408-NXHSM0ZM5DZRM3TVV25Q/image-asset.png,1548790683408-NXHSM0ZM5DZRM3TVV25Q_image-asset.png
https://images.squarespace-cdn.com/content/v1/5b68a4e4a2772c2a206180a1/1548790730949-P3IP5LIWFA1L1CHAH7QX/universality.png,1548790730949-P3IP5LIWFA1L1CHAH7QX_universality.png
https://images.squarespace-cdn.com/content/v1/5b68a4e4a2772c2a206180a1/1546025418062-2CDEDT6DICO5I95KU1CS/lizard.jpg,1546025418062-2CDEDT6DICO5I95KU1CS_lizard.jpg
https://images.squarespace-cdn.com/content/v1/5b68a4e4a2772c2a206180a1/1546025488934-W7RA1FTIB177A6ROPH3X/flower.jpg,1546025488934-W7RA1FTIB177A6ROPH3X_flower.jpg
https://images.squarespace-cdn.com/content/v1/5b68a4e4a2772c2a206180a1/1546025523639-2W4YXWWIF9TNPMQBU9FU/image-asset.jpeg,1546025523639-2W4YXWWIF9TNPMQBU9FU_image-asset.jpeg
https://images.squarespace-cdn.com/content/v1/5b68a4e4a2772c2a206180a1/1546025673787-P215FB1NQH7FYGJ0O4SU/giraffe2.jpg,1546025673787-P215FB1NQH7FYGJ0O4SU_giraffe2.jpg
https://images.squarespace-cdn.com/content/v1/5b68a4e4a2772c2a206180a1/1546025694964-3RLYQPT8807LTGMGGMWN/tiger.jpg,1546025694964-3RLYQPT8807LTGMGGMWN_tiger.jpg
https://images.squarespace-cdn.com/content/v1/5b68a4e4a2772c2a206180a1/1546025796374-5DJMW227I2ZW1DL2Y3MW/trees.jpg,1546025796374-5DJMW227I2ZW1DL2Y3MW_trees.jpg
https://images.squarespace-cdn.com/content/v1/5b68a4e4a2772c2a206180a1/1546025811983-R8PLI2MC7RDDE2L4K0F9/image-asset.jpeg,1546025811983-R8PLI2MC7RDDE2L4K0F9_image-asset.jpeg
https://images.squarespace-cdn.com/content/v1/5b68a4e4a2772c2a206180a1/1546025722842-W3OMAQLX3TRV8CFWBSPA/pelican.jpg,1546025722842-W3OMAQLX3TRV8CFWBSPA_pelican.jpg
https://images.squarespace-cdn.com/content/v1/5b68a4e4a2772c2a206180a1/1546025768346-MNCL10P4D2QR6IJCEPRP/cactus.jpg,1546025768346-MNCL10P4D2QR6IJCEPRP_cactus.jpg
https://images.squarespace-cdn.com/content/v1/5b68a4e4a2772c2a206180a1/1546025838489-HIPPHMWIN6T8XV19EW4G/iguana%2Bseal.jpg,1546025838489-HIPPHMWIN6T8XV19EW4G_iguana%2Bseal.jpg
https://images.squarespace-cdn.com/content/v1/5b68a4e4a2772c2a206180a1/1546025865546-HK1VX0OF8W8OVYRPHLQW/goat.jpg,1546025865546-HK1VX0OF8W8OVYRPHLQW_goat.jpg
https://images.squarespace-cdn.com/content/v1/5b68a4e4a2772c2a206180a1/1561496247601-KA627J0VF2XUV3WMRB04/billboard.png?format=1500w,1561496247601-KA627J0VF2XUV3WMRB04_billboard.png?format=1500w
https://images.squarespace-cdn.com/content/v1/5b68a4e4a2772c2a206180a1/1544223347793-I474OSIPWD3AL93OK2BI/marketscenarios.png,1544223347793-I474OSIPWD3AL93OK2BI_marketscenarios.png
https://images.squarespace-cdn.com/content/v1/5b68a4e4a2772c2a206180a1/1558622682669-GHOY6C656NZ8HGFER0RN/diving-712634.jpg?format=2500w,1558622682669-GHOY6C656NZ8HGFER0RN_diving-712634.jpg?format=2500w
https://images.squarespace-cdn.com/content/v1/5b68a4e4a2772c2a206180a1/1558561350708-GE9HI9PB3G6T4WTTZOJZ/snow-leopard-931224.png?format=2500w,1558561350708-GE9HI9PB3G6T4WTTZOJZ_snow-leopard-931224.png?format=2500w
https://images.squarespace-cdn.com/content/v1/5b68a4e4a2772c2a206180a1/1558560383172-5B1O4I6IC7U7S2A04LQE/zebra-finch.png?format=2500w,1558560383172-5B1O4I6IC7U7S2A04LQE_zebra-finch.png?format=2500w
https://images.squarespace-cdn.com/content/v1/5b68a4e4a2772c2a206180a1/1558561497460-O9T8TK90WE4914M0HP14/elephant-1170111.png?format=2500w,1558561497460-O9T8TK90WE4914M0HP14_elephant-1170111.png?format=2500w
https://images.squarespace-cdn.com/content/v1/5b68a4e4a2772c2a206180a1/1558559564957-NPSC64XFGBNMDWKTVV1T/PastedGraphic-1.png,1558559564957-NPSC64XFGBNMDWKTVV1T_PastedGraphic-1.png
https://images.squarespace-cdn.com/content/v1/5b68a4e4a2772c2a206180a1/1558563787873-MUAY7XDU2VO8178MYB70/PastedGraphic-4.png,1558563787873-MUAY7XDU2VO8178MYB70_PastedGraphic-4.png
https://images.squarespace-cdn.com/content/v1/5b68a4e4a2772c2a206180a1/1541538005328-6CYYFUGQ6UQJBD8BQ4FZ/blue2.png?format=2500w,1541538005328-6CYYFUGQ6UQJBD8BQ4FZ_blue2.png?format=2500w
https://images.squarespace-cdn.com/content/v1/5b68a4e4a2772c2a206180a1/1541537964816-K8T6C66TV47HI2LBQQNG/blue2.png?format=2500w,1541537964816-K8T6C66TV47HI2LBQQNG_blue2.png?format=2500w
https://images.squarespace-cdn.com/content/v1/5b68a4e4a2772c2a206180a1/1544045143664-YUMWMGP83PM60FFS8B9O/wired.png,1544045143664-YUMWMGP83PM60FFS8B9O_wired.png
https://images.squarespace-cdn.com/content/v1/5b68a4e4a2772c2a206180a1/1544045342568-P555BGEMN05Z6127QC30/physorg1.png,1544045342568-P555BGEMN05Z6127QC30_physorg1.png
https://images.squarespace-cdn.com/content/v1/5b68a4e4a2772c2a206180a1/1544045375791-29BI5JC6AD1O51RW4MDJ/techrev.png,1544045375791-29BI5JC6AD1O51RW4MDJ_techrev.png
https://images.squarespace-cdn.com/content/v1/5b68a4e4a2772c2a206180a1/1544045410198-12XXDJT8V7EI62QJ9W5C/image-asset.png,1544045410198-12XXDJT8V7EI62QJ9W5C_image-asset.png
https://images.squarespace-cdn.com/content/v1/5b68a4e4a2772c2a206180a1/1544045546653-IZU4TVN3LAYOHN5220VG/businessinsider.jpg,1544045546653-IZU4TVN3LAYOHN5220VG_businessinsider.jpg
https://images.squarespace-cdn.com/content/v1/5b68a4e4a2772c2a206180a1/1544045583921-ZBQGJ6NBMC6QSAWB0AWG/image-asset.jpeg,1544045583921-ZBQGJ6NBMC6QSAWB0AWG_image-asset.jpeg
https://images.squarespace-cdn.com/content/v1/5b68a4e4a2772c2a206180a1/1544045655734-OM3YV5FPOG22JJCUDOJE/stdaily.jpg,1544045655734-OM3YV5FPOG22JJCUDOJE_stdaily.jpg
https://images.squarespace-cdn.com/content/v1/5b68a4e4a2772c2a206180a1/1544045693235-TH5QTYDA02I6O98ZI7M9/traders.jpg,1544045693235-TH5QTYDA02I6O98ZI7M9_traders.jpg
https://images.squarespace-cdn.com/content/v1/5b68a4e4a2772c2a206180a1/1544045776232-RAFXKOHFMHD4ET1CLFYJ/economist.jpg,1544045776232-RAFXKOHFMHD4ET1CLFYJ_economist.jpg
https://images.squarespace-cdn.com/content/v1/5b68a4e4a2772c2a206180a1/1544045821493-HCPZVPMGLPHT6ZE2VU7G/cxo.jpg,1544045821493-HCPZVPMGLPHT6ZE2VU7G_cxo.jpg
https://images.squarespace-cdn.com/content/v1/5b68a4e4a2772c2a206180a1/1544045854063-GOT0XEHN2NFKM5GX9A10/moneyscience.jpg,1544045854063-GOT0XEHN2NFKM5GX9A10_moneyscience.jpg
https://images.squarespace-cdn.com/content/v1/5b68a4e4a2772c2a206180a1/1544045891225-PHR07HRVQT8PT9AQFQYB/clearonmoney.jpg,1544045891225-PHR07HRVQT8PT9AQFQYB_clearonmoney.jpg
https://images.squarespace-cdn.com/content/v1/5b68a4e4a2772c2a206180a1/1544045922600-MXHT0I7V23Y8WGGFI7D1/planbeconomics.png,1544045922600-MXHT0I7V23Y8WGGFI7D1_planbeconomics.png
https://images.squarespace-cdn.com/content/v1/5b68a4e4a2772c2a206180a1/1544045957656-BY2AYUN9L1C20K8YJHXF/hedgehogs.jpg,1544045957656-BY2AYUN9L1C20K8YJHXF_hedgehogs.jpg
https://images.squarespace-cdn.com/content/v1/5b68a4e4a2772c2a206180a1/1544045983381-NIUNWSW1O6JLA0IQ44V9/image-asset.jpeg,1544045983381-NIUNWSW1O6JLA0IQ44V9_image-asset.jpeg
https://images.squarespace-cdn.com/content/v1/5b68a4e4a2772c2a206180a1/1544046015500-VI0YL2XJTJU620XQVJ2O/sohu.jpg,1544046015500-VI0YL2XJTJU620XQVJ2O_sohu.jpg
https://images.squarespace-cdn.com/content/v1/5b68a4e4a2772c2a206180a1/1544046052441-MG2LOE6407R4LQVMR2QV/internationalbusinesstimes.png,1544046052441-MG2LOE6407R4LQVMR2QV_internationalbusinesstimes.png
https://images.squarespace-cdn.com/content/v1/5b68a4e4a2772c2a206180a1/1544046086435-XZ3PRT814XCZR2KRL690/irishtimes.jpg,1544046086435-XZ3PRT814XCZR2KRL690_irishtimes.jpg
https://images.squarespace-cdn.com/content/v1/5b68a4e4a2772c2a206180a1/1544046129507-29D3Y3CPXNRUDAU2Z2YO/internetactu.jpg,1544046129507-29D3Y3CPXNRUDAU2Z2YO_internetactu.jpg
https://images.squarespace-cdn.com/content/v1/5b68a4e4a2772c2a206180a1/1544046164745-2BSYYQU4E7WV52QV5PPN/terraeco.jpg,1544046164745-2BSYYQU4E7WV52QV5PPN_terraeco.jpg
https://images.squarespace-cdn.com/content/v1/5b68a4e4a2772c2a206180a1/1544046204767-R2TRR9JEYH6P4FSWGHLG/umassdblogs.jpg,1544046204767-R2TRR9JEYH6P4FSWGHLG_umassdblogs.jpg
https://images.squarespace-cdn.com/content/v1/5b68a4e4a2772c2a206180a1/1544046239608-ZO4N1EV13XZLFQ8N202B/nebusinessbulletin.jpg,1544046239608-ZO4N1EV13XZLFQ8N202B_nebusinessbulletin.jpg
https://images.squarespace-cdn.com/content/v1/5b68a4e4a2772c2a206180a1/1544046270539-T7FFKYIU8SWS9K4ZJYTA/ibankcoin.png,1544046270539-T7FFKYIU8SWS9K4ZJYTA_ibankcoin.png
https://images.squarespace-cdn.com/content/v1/5b68a4e4a2772c2a206180a1/1544046303530-N480STB4T1KSXDY3J5ZV/actuaryinfo.png,1544046303530-N480STB4T1KSXDY3J5ZV_actuaryinfo.png
https://images.squarespace-cdn.com/content/v1/5b68a4e4a2772c2a206180a1/1543608599668-OKY6T3ESC892X5NB2ZSD/blue3.png,1543608599668-OKY6T3ESC892X5NB2ZSD_blue3.png
https://images.squarespace-cdn.com/content/v1/5b68a4e4a2772c2a206180a1/1543608734779-MLFWORDWJ3Y1X7S9S7PK/image-asset.png,1543608734779-MLFWORDWJ3Y1X7S9S7PK_image-asset.png
https://images.squarespace-cdn.com/content/v1/5b68a4e4a2772c2a206180a1/1543608774519-F7OKC06FJ5UA9Z3URP7N/beef.png,1543608774519-F7OKC06FJ5UA9Z3URP7N_beef.png
https://images-na.ssl-images-amazon.com/images/I/41jzbWjPUML.jpg,I_41jzbWjPUML.jpg
https://images.squarespace-cdn.com/content/v1/5b68a4e4a2772c2a206180a1/1542748282957-AX7COE2SBRNRHN4QPIM0/image-asset.jpeg,1542748282957-AX7COE2SBRNRHN4QPIM0_image-asset.jpeg
https://images.squarespace-cdn.com/content/v1/5b68a4e4a2772c2a206180a1/1542748379867-F4P9KII3D2LZT6F732UG/ScienceTrends.png,1542748379867-F4P9KII3D2LZT6F732UG_ScienceTrends.png
https://images.squarespace-cdn.com/content/v1/5b68a4e4a2772c2a206180a1/1542748441246-SGQX0L2Y1UJ5Z69AV7CR/sciencenews.png,1542748441246-SGQX0L2Y1UJ5Z69AV7CR_sciencenews.png
https://images.squarespace-cdn.com/content/v1/5b68a4e4a2772c2a206180a1/1542748469068-LESBPF0YAQUPI8K4AE5J/sciencenews.png,1542748469068-LESBPF0YAQUPI8K4AE5J_sciencenews.png
https://images.squarespace-cdn.com/content/v1/5b68a4e4a2772c2a206180a1/1701732512043-QYYS513CRP4A3XZ2LC0F/Support+Levels-07.jpg?format=750w,1701732512043-QYYS513CRP4A3XZ2LC0F_Support+Levels-07.jpg?format=750w
https://images.squarespace-cdn.com/content/v1/5b68a4e4a2772c2a206180a1/1701732456279-VYT8UXJDJ144NZ638KFM/Support+Levels-08.jpg?format=750w,1701732456279-VYT8UXJDJ144NZ638KFM_Support+Levels-08.jpg?format=750w
https://images.squarespace-cdn.com/content/v1/5b68a4e4a2772c2a206180a1/1543868867587-SLR6NI1EACDSM8VYL37G/sprayed.png,1543868867587-SLR6NI1EACDSM8VYL37G_sprayed.png
https://images.squarespace-cdn.com/content/v1/5b68a4e4a2772c2a206180a1/1543868943501-9QGJ1SKR1R3BUL4V26F5/zika_micro_colombia_growth_1.png,1543868943501-9QGJ1SKR1R3BUL4V26F5_zika_micro_colombia_growth_1.png
https://images.squarespace-cdn.com/content/v1/5b68a4e4a2772c2a206180a1/1543868983481-IVGT11HVWNUNOSPJ12OZ/blue3.png,1543868983481-IVGT11HVWNUNOSPJ12OZ_blue3.png
https://images.squarespace-cdn.com/content/v1/5b68a4e4a2772c2a206180a1/1543869992073-KB19HPGAB7QGXWJ917CR/transmission1.png,1543869992073-KB19HPGAB7QGXWJ917CR_transmission1.png
https://images.squarespace-cdn.com/content/v1/5b68a4e4a2772c2a206180a1/1543870036321-BX9I1YJLA1OU2GGAPFFW/image-asset.png,1543870036321-BX9I1YJLA1OU2GGAPFFW_image-asset.png
https://images.squarespace-cdn.com/content/v1/5b68a4e4a2772c2a206180a1/1543870076019-KRHYZSYJSBSUKGPHJZOW/blue3.png,1543870076019-KRHYZSYJSBSUKGPHJZOW_blue3.png
https://images.squarespace-cdn.com/content/v1/5b68a4e4a2772c2a206180a1/1543866112630-AZSU9AW0SYL631UCI7L0/blue3.png,1543866112630-AZSU9AW0SYL631UCI7L0_blue3.png
https://images.squarespace-cdn.com/content/v1/5b68a4e4a2772c2a206180a1/1543592040870-GJDCYNEO38BYDTNRSPL8/blue3.png,1543592040870-GJDCYNEO38BYDTNRSPL8_blue3.png
https://images.squarespace-cdn.com/content/v1/5b68a4e4a2772c2a206180a1/1713973423482-Y327AUT8JF0TBPR9CPWP/Course+LP+Banners+%284%29.png?format=2500w,1713973423482-Y327AUT8JF0TBPR9CPWP_Course+LP+Banners+%284%29.png?format=2500w
https://images.squarespace-cdn.com/content/v1/5b68a4e4a2772c2a206180a1/a7281832-7d67-4a55-a9e7-8189045dc2fd/Course+LP+Banners+%289%29.png,a7281832-7d67-4a55-a9e7-8189045dc2fd_Course+LP+Banners+%289%29.png
https://images.squarespace-cdn.com/content/v1/5b68a4e4a2772c2a206180a1/b906783d-5339-4935-bc70-e1b18b924400/1703007889259.jpeg,b906783d-5339-4935-bc70-e1b18b924400_1703007889259.jpeg
https://images.squarespace-cdn.com/content/v1/5b68a4e4a2772c2a206180a1/513e8f7c-eaf4-43eb-b1b1-d78bd25dbed6/DainelZoughbie.jpeg,513e8f7c-eaf4-43eb-b1b1-d78bd25dbed6_DainelZoughbie.jpeg
https://images.squarespace-cdn.com/content/v1/5b68a4e4a2772c2a206180a1/1542647839130-4C9HIEWVMLWHQ8FY32LG/conference-room.jpg?format=2500w,1542647839130-4C9HIEWVMLWHQ8FY32LG_conference-room.jpg?format=2500w
https://images.squarespace-cdn.com/content/v1/5b68a4e4a2772c2a206180a1/1544032158465-G3VRQ3KVP0D01HO80XTW/blue3.png,1544032158465-G3VRQ3KVP0D01HO80XTW_blue3.png
https://images.squarespace-cdn.com/content/v1/5b68a4e4a2772c2a206180a1/1542300071941-EIIP2VCECO62TM42051G/taleb.png,1542300071941-EIIP2VCECO62TM42051G_taleb.png
https://images.squarespace-cdn.com/content/v1/5b68a4e4a2772c2a206180a1/1544458966304-D4MWJ65G817H2UW76N7I/image-asset.png,1544458966304-D4MWJ65G817H2UW76N7I_image-asset.png
https://images.squarespace-cdn.com/content/v1/5b68a4e4a2772c2a206180a1/1547571360131-BPJA4N45GSOHI7B0W9FT/image-asset.png,1547571360131-BPJA4N45GSOHI7B0W9FT_image-asset.png
https://images.squarespace-cdn.com/content/v1/5b68a4e4a2772c2a206180a1/1544043647580-GOEKUFUJHJ2WJKGT5TC5/image-asset.png,1544043647580-GOEKUFUJHJ2WJKGT5TC5_image-asset.png
https://images.squarespace-cdn.com/content/v1/5b68a4e4a2772c2a206180a1/1543418734837-S45IXAE9VJONDYC4EARJ/nsegypttweetmap.jpg,1543418734837-S45IXAE9VJONDYC4EARJ_nsegypttweetmap.jpg
https://images.squarespace-cdn.com/content/v1/5b68a4e4a2772c2a206180a1/1543418770485-9I5RW1IF1S3X6J138RTD/image-asset.jpeg,1543418770485-9I5RW1IF1S3X6J138RTD_image-asset.jpeg
https://images.squarespace-cdn.com/content/v1/5b68a4e4a2772c2a206180a1/1544038243091-Z9EE74MD2KWUOT36X6KH/CXProfile2.png,1544038243091-Z9EE74MD2KWUOT36X6KH_CXProfile2.png
https://images.squarespace-cdn.com/content/v1/5b68a4e4a2772c2a206180a1/1544038280425-V3BRM94VNGJAJ6JO8OGW/image-asset.png,1544038280425-V3BRM94VNGJAJ6JO8OGW_image-asset.png
https://images.squarespace-cdn.com/content/v1/5b68a4e4a2772c2a206180a1/1605822176653-1YGPS8J31M1CLE0FD8LL/IrelandDynamics-1.png,1605822176653-1YGPS8J31M1CLE0FD8LL_IrelandDynamics-1.png
https://images.squarespace-cdn.com/content/v1/5b68a4e4a2772c2a206180a1/1605822343866-ZPORXEOKPIRRE4XVDAJA/IrelandDynamics-2.png,1605822343866-ZPORXEOKPIRRE4XVDAJA_IrelandDynamics-2.png
https://images.squarespace-cdn.com/content/v1/5b68a4e4a2772c2a206180a1/1605822441137-YMXJ3TAWWCXZA3QWIU1K/IrelandDynamics-2.png,1605822441137-YMXJ3TAWWCXZA3QWIU1K_IrelandDynamics-2.png
https://images.squarespace-cdn.com/content/v1/5b68a4e4a2772c2a206180a1/1597328105894-W1R3MSPY96VSSE50A1R5/Fig1.png,1597328105894-W1R3MSPY96VSSE50A1R5_Fig1.png
https://images.squarespace-cdn.com/content/v1/5b68a4e4a2772c2a206180a1/1597328167297-H7EC1VHWHF1I8CXJPHZC/Fig2.png,1597328167297-H7EC1VHWHF1I8CXJPHZC_Fig2.png
https://images.squarespace-cdn.com/content/v1/5b68a4e4a2772c2a206180a1/1597328211499-QA2A8D4013H6FOX3PJ23/Fig3.png,1597328211499-QA2A8D4013H6FOX3PJ23_Fig3.png
https://images.squarespace-cdn.com/content/v1/5b68a4e4a2772c2a206180a1/1597328300999-QDEHUV5L0ZGWH80Y25A6/Fig4.png,1597328300999-QDEHUV5L0ZGWH80Y25A6_Fig4.png
https://images.squarespace-cdn.com/content/v1/5b68a4e4a2772c2a206180a1/1597328343973-L7AW9PF43U8QJ86NO9BH/Fig5.png,1597328343973-L7AW9PF43U8QJ86NO9BH_Fig5.png
https://images.squarespace-cdn.com/content/v1/5b68a4e4a2772c2a206180a1/1597328401497-MQY36WUWJ0CSC8FMJDS8/Fig6.png,1597328401497-MQY36WUWJ0CSC8FMJDS8_Fig6.png
https://images.squarespace-cdn.com/content/v1/5b68a4e4a2772c2a206180a1/1597328443120-H2ZB8SMHJQGEZ8QFGFKO/Fig7.png,1597328443120-H2ZB8SMHJQGEZ8QFGFKO_Fig7.png
https://images.squarespace-cdn.com/content/v1/5b68a4e4a2772c2a206180a1/1597328475247-C5OSDX3L2RXSY75KKTEL/Fig8.png,1597328475247-C5OSDX3L2RXSY75KKTEL_Fig8.png
https://images.squarespace-cdn.com/content/v1/5b68a4e4a2772c2a206180a1/1597328506121-PI2M4OTONB639TNS3J6E/Fig9.png,1597328506121-PI2M4OTONB639TNS3J6E_Fig9.png
https://images.squarespace-cdn.com/content/v1/5b68a4e4a2772c2a206180a1/1605822887199-EDXAUMISGGWOKXT0VR3Z/IrelandDynamics-9.png,1605822887199-EDXAUMISGGWOKXT0VR3Z_IrelandDynamics-9.png
https://images.squarespace-cdn.com/content/v1/5b68a4e4a2772c2a206180a1/1605822977927-XNFKX315P03YXSVKLBZ5/IrelandDynamics-10.png,1605822977927-XNFKX315P03YXSVKLBZ5_IrelandDynamics-10.png
https://images.squarespace-cdn.com/content/v1/5b68a4e4a2772c2a206180a1/1543592602643-YPFDC1YUF178X6RW882E/blue3.png,1543592602643-YPFDC1YUF178X6RW882E_blue3.png
https://images.squarespace-cdn.com/content/v1/5b68a4e4a2772c2a206180a1/1543866275954-8DNXF86UGBLQQ1RPQH9A/image-asset.png,1543866275954-8DNXF86UGBLQQ1RPQH9A_image-asset.png
https://images.squarespace-cdn.com/content/v1/5b68a4e4a2772c2a206180a1/1542299079889-6E0G1TSAKXBE2NLIY0T8/roy.jpg,1542299079889-6E0G1TSAKXBE2NLIY0T8_roy.jpg
https://images.squarespace-cdn.com/content/v1/5b68a4e4a2772c2a206180a1/1544114486610-JWH4VDJD8WHNJS7MX51R/image-asset.png,1544114486610-JWH4VDJD8WHNJS7MX51R_image-asset.png
https://images.squarespace-cdn.com/content/v1/5b68a4e4a2772c2a206180a1/1544114525147-V0NM19G6W3XIFGWIK8JE/gizmodo.png,1544114525147-V0NM19G6W3XIFGWIK8JE_gizmodo.png
https://images.squarespace-cdn.com/content/v1/5b68a4e4a2772c2a206180a1/1544114556491-UOSUJTDKUG9X0GOSTE3I/gizmodoaustralia.png,1544114556491-UOSUJTDKUG9X0GOSTE3I_gizmodoaustralia.png
https://images.squarespace-cdn.com/content/v1/5b68a4e4a2772c2a206180a1/1544114585104-5RL28E576W1JXSHWM07B/image-asset.png,1544114585104-5RL28E576W1JXSHWM07B_image-asset.png
https://images.squarespace-cdn.com/content/v1/5b68a4e4a2772c2a206180a1/1544114617056-RBCXNWRNO897ZRSVD7J1/zeitnews.png,1544114617056-RBCXNWRNO897ZRSVD7J1_zeitnews.png
https://images.squarespace-cdn.com/content/v1/5b68a4e4a2772c2a206180a1/1544114642477-PY6BYD5MGSDOAH2L9LCC/physorg1.png,1544114642477-PY6BYD5MGSDOAH2L9LCC_physorg1.png
https://images.squarespace-cdn.com/content/v1/5b68a4e4a2772c2a206180a1/1544114672372-BC4RXSNDCIO86SBBTEYK/investmentwatch.png,1544114672372-BC4RXSNDCIO86SBBTEYK_investmentwatch.png
https://images.squarespace-cdn.com/content/v1/5b68a4e4a2772c2a206180a1/1544114702832-VUHPTBFBUBOA7V7Q11T0/image-asset.png,1544114702832-VUHPTBFBUBOA7V7Q11T0_image-asset.png
https://images.squarespace-cdn.com/content/v1/5b68a4e4a2772c2a206180a1/1544114738711-F0WGLGBEVKYV1OWJH8ML/infosecurity.png,1544114738711-F0WGLGBEVKYV1OWJH8ML_infosecurity.png
https://images.squarespace-cdn.com/content/v1/5b68a4e4a2772c2a206180a1/1544114770851-O9ZM57C0Q1TFYRLA596J/newstrackindia.png,1544114770851-O9ZM57C0Q1TFYRLA596J_newstrackindia.png
https://images.squarespace-cdn.com/content/v1/5b68a4e4a2772c2a206180a1/1544114802448-DJABMKVZUQMPYIM6YOZ8/kurzweil.png,1544114802448-DJABMKVZUQMPYIM6YOZ8_kurzweil.png
https://images.squarespace-cdn.com/content/v1/5b68a4e4a2772c2a206180a1/1544114829348-8VCUA8C8M5M12VTZ685Y/image-asset.png,1544114829348-8VCUA8C8M5M12VTZ685Y_image-asset.png
https://images.squarespace-cdn.com/content/v1/5b68a4e4a2772c2a206180a1/1544114881506-52RNN51W8G43XCH7IYDC/thedroidguy.png,1544114881506-52RNN51W8G43XCH7IYDC_thedroidguy.png
https://images.squarespace-cdn.com/content/v1/5b68a4e4a2772c2a206180a1/1544114945873-EXSNLVM8JS06NSGE98DP/suaramerdeka.png,1544114945873-EXSNLVM8JS06NSGE98DP_suaramerdeka.png
https://images.squarespace-cdn.com/content/v1/5b68a4e4a2772c2a206180a1/1544114965170-5MOFSIPQK7S0S9HI80RJ/image-asset.png,1544114965170-5MOFSIPQK7S0S9HI80RJ_image-asset.png
https://images.squarespace-cdn.com/content/v1/5b68a4e4a2772c2a206180a1/1544114997675-HHSQC3T445K9V8M9PITP/inilah.png,1544114997675-HHSQC3T445K9V8M9PITP_inilah.png
https://images.squarespace-cdn.com/content/v1/5b68a4e4a2772c2a206180a1/1544115030241-LF64CZ8SE524ZPO4AZQT/adelvarul.png,1544115030241-LF64CZ8SE524ZPO4AZQT_adelvarul.png
https://images.squarespace-cdn.com/content/v1/5b68a4e4a2772c2a206180a1/1544115050100-VAZ88QWHC9P1IJ54Z1XM/antaranews.png,1544115050100-VAZ88QWHC9P1IJ54Z1XM_antaranews.png
https://images.squarespace-cdn.com/content/v1/5b68a4e4a2772c2a206180a1/1544115072077-8VA69G9WUX6I46IO0A96/cnw.png,1544115072077-8VA69G9WUX6I46IO0A96_cnw.png
https://images.squarespace-cdn.com/content/v1/5b68a4e4a2772c2a206180a1/1544115103086-GSYD0VJVE0X1HGEX1H35/cnbeta.png,1544115103086-GSYD0VJVE0X1HGEX1H35_cnbeta.png
https://images.squarespace-cdn.com/content/v1/5b68a4e4a2772c2a206180a1/1544115118705-24PZH011Q37XQA0D0LIL/chinadaily.png,1544115118705-24PZH011Q37XQA0D0LIL_chinadaily.png
https://images.squarespace-cdn.com/content/v1/5b68a4e4a2772c2a206180a1/1544115141118-VBWWXW19Y4SF4R1ICFE8/sohu.png,1544115141118-VBWWXW19Y4SF4R1ICFE8_sohu.png
https://images.squarespace-cdn.com/content/v1/5b68a4e4a2772c2a206180a1/1544115167634-BJ9BEIR4K9HSJK1RPA9T/newscn.png,1544115167634-BJ9BEIR4K9HSJK1RPA9T_newscn.png
https://images.squarespace-cdn.com/content/v1/5b68a4e4a2772c2a206180a1/1544115191730-TMRKQEZOTUVMUQQQH9P9/image-asset.png,1544115191730-TMRKQEZOTUVMUQQQH9P9_image-asset.png
https://images.squarespace-cdn.com/content/v1/5b68a4e4a2772c2a206180a1/1544115216410-TFVAGSEDM37WMBBIBXVN/zol.png,1544115216410-TFVAGSEDM37WMBBIBXVN_zol.png
https://images.squarespace-cdn.com/content/v1/5b68a4e4a2772c2a206180a1/1542727076958-22O04IE6JV3BVXUZCESU/sports.jpg?format=2500w,1542727076958-22O04IE6JV3BVXUZCESU_sports.jpg?format=2500w
https://images.squarespace-cdn.com/content/v1/5b68a4e4a2772c2a206180a1/1542727121824-8MTF07R8ZEFUJ34BEASX/sports.png,1542727121824-8MTF07R8ZEFUJ34BEASX_sports.png
https://images.squarespace-cdn.com/content/v1/5b68a4e4a2772c2a206180a1/1544049255782-DKISSA70CKB3MCK3ZPEC/huffingtonpost.png,1544049255782-DKISSA70CKB3MCK3ZPEC_huffingtonpost.png
https://images.squarespace-cdn.com/content/v1/5b68a4e4a2772c2a206180a1/1544049285797-GKAZEM2K9NTNE94FMY8I/thefutureofoccupy.png,1544049285797-GKAZEM2K9NTNE94FMY8I_thefutureofoccupy.png
https://images.squarespace-cdn.com/content/v1/5b68a4e4a2772c2a206180a1/1544049325907-N9R8FFMMGN3GEP4N0H0O/image-asset.png,1544049325907-N9R8FFMMGN3GEP4N0H0O_image-asset.png
https://images.squarespace-cdn.com/content/v1/5b68a4e4a2772c2a206180a1/1544049367310-WVYQHV9R6SDN4V4LGNEO/staythirsty.png,1544049367310-WVYQHV9R6SDN4V4LGNEO_staythirsty.png
https://images.squarespace-cdn.com/content/v1/5b68a4e4a2772c2a206180a1/1544049396574-KYE88IG4UG3Y0UEVYAI9/explorationsinlearning.png,1544049396574-KYE88IG4UG3Y0UEVYAI9_explorationsinlearning.png
https://images.squarespace-cdn.com/content/v1/5b68a4e4a2772c2a206180a1/1544049423233-0HTSAUJ8QQYM2WHM4ZUV/johniac.png,1544049423233-0HTSAUJ8QQYM2WHM4ZUV_johniac.png
https://images.squarespace-cdn.com/content/v1/5b68a4e4a2772c2a206180a1/1544049453257-DH5LIMEPGA4EHFM4J5YM/exopermaculture.png,1544049453257-DH5LIMEPGA4EHFM4J5YM_exopermaculture.png
https://images.squarespace-cdn.com/content/v1/5b68a4e4a2772c2a206180a1/1544049477420-37BYZHJAA7U3DRB4AGH5/facebook.png,1544049477420-37BYZHJAA7U3DRB4AGH5_facebook.png
https://images.squarespace-cdn.com/content/v1/5b68a4e4a2772c2a206180a1/1543270166319-A1P4T824FDAKA63C7SHC/image-asset.jpeg,1543270166319-A1P4T824FDAKA63C7SHC_image-asset.jpeg
https://images.squarespace-cdn.com/content/v1/5b68a4e4a2772c2a206180a1/1543270198533-G4TRVNLETQH3DB8WSDVG/compprof.jpg,1543270198533-G4TRVNLETQH3DB8WSDVG_compprof.jpg
https://images.squarespace-cdn.com/content/v1/5b68a4e4a2772c2a206180a1/1543270248995-I6MNTLS8DL58JSLA71AY/human.jpg,1543270248995-I6MNTLS8DL58JSLA71AY_human.jpg
https://images.squarespace-cdn.com/content/v1/5b68a4e4a2772c2a206180a1/1543270297833-SG7XNPYQ234QAONEBOLZ/control.jpg,1543270297833-SG7XNPYQ234QAONEBOLZ_control.jpg
https://images.squarespace-cdn.com/content/v1/5b68a4e4a2772c2a206180a1/1543270341622-5NBBL0UQS7FBTUKVLUW6/environ.jpg,1543270341622-5NBBL0UQS7FBTUKVLUW6_environ.jpg
https://images.squarespace-cdn.com/content/v1/5b68a4e4a2772c2a206180a1/1543270375525-565199YVMUS4AI7CGYP6/civil.jpg,1543270375525-565199YVMUS4AI7CGYP6_civil.jpg
https://images.squarespace-cdn.com/content/v1/5b68a4e4a2772c2a206180a1/1543270414762-FGCQSA9JBA6104BX93IR/histprog.jpg,1543270414762-FGCQSA9JBA6104BX93IR_histprog.jpg
https://images.squarespace-cdn.com/content/v1/5b68a4e4a2772c2a206180a1/1544222660233-U6QRI8PCM44973PA8Z2L/us-social-frag.png,1544222660233-U6QRI8PCM44973PA8Z2L_us-social-frag.png
https://images.squarespace-cdn.com/content/v1/5b68a4e4a2772c2a206180a1/1701732512043-QYYS513CRP4A3XZ2LC0F/Support+Levels-07.jpg?format=1500w,1701732512043-QYYS513CRP4A3XZ2LC0F_Support+Levels-07.jpg?format=1500w
https://images.squarespace-cdn.com/content/v1/5b68a4e4a2772c2a206180a1/1701732456279-VYT8UXJDJ144NZ638KFM/Support+Levels-08.jpg?format=1500w,1701732456279-VYT8UXJDJ144NZ638KFM_Support+Levels-08.jpg?format=1500w
https://images.squarespace-cdn.com/content/v1/5b68a4e4a2772c2a206180a1/114af1c1-1e98-4755-ac15-9c3840676732/EQ-AI+2401+Empowering+Resilient+Leadership+YOU+ARE+A+DYNAMIC+AGENT+TO+THRIVE+%281%29.png?format=1500w,114af1c1-1e98-4755-ac15-9c3840676732_EQ-AI+2401+Empowering+Resilient+Leadership+YOU+ARE+A+DYNAMIC+AGENT+TO+THRIVE+%281%29.png?format=1500w
https://images.squarespace-cdn.com/content/v1/5b68a4e4a2772c2a206180a1/1720547631129-38IMXZNPUNSGD8NIHFSI/Course+Graphics.png?format=2500w,1720547631129-38IMXZNPUNSGD8NIHFSI_Course+Graphics.png?format=2500w
https://images.squarespace-cdn.com/content/v1/5b68a4e4a2772c2a206180a1/1701732734376-LFE6J2ZXAVUZBCNEKA33/Support+Levels-03.jpg?format=1500w,1701732734376-LFE6J2ZXAVUZBCNEKA33_Support+Levels-03.jpg?format=1500w
https://images.squarespace-cdn.com/content/v1/5b68a4e4a2772c2a206180a1/1701732760964-0S58OC0PU5IR4LBTRRYV/Support+Levels-02.jpg?format=1500w,1701732760964-0S58OC0PU5IR4LBTRRYV_Support+Levels-02.jpg?format=1500w
https://images.squarespace-cdn.com/content/v1/5b68a4e4a2772c2a206180a1/1701732696200-UQTKUQ6CA3CWD09ERWEP/Support+Levels-04.jpg?format=1500w,1701732696200-UQTKUQ6CA3CWD09ERWEP_Support+Levels-04.jpg?format=1500w
https://images.squarespace-cdn.com/content/v1/5b68a4e4a2772c2a206180a1/1701732603367-ESIFSQN225ZWGD2R93IN/Support+Levels-05.jpg?format=1500w,1701732603367-ESIFSQN225ZWGD2R93IN_Support+Levels-05.jpg?format=1500w
